{
  "$schema": "https://ui.shadcn.com/schema/registry-item.json",
  "name": "chat-welcome-screen",
  "type": "registry:component",
  "title": "Chat Welcome Screen",
  "description": "Welcome screen for chat application with mode selection and AI branding.",
  "registryDependencies": [
    "button"
  ],
  "dependencies": [
    "lucide-react"
  ],
  "files": [
    {
      "path": "https://raw.githubusercontent.com/ln-dev7/square-ui/master/templates/chat/components/chat/chat-welcome-screen.tsx",
      "type": "registry:component",
      "target": "components/chat-welcome-screen.tsx",
      "content": "import { Button } from \"@/components/ui/button\";\nimport { Logo } from \"@/components/ui/logo\";\nimport { cn } from \"@/lib/utils\";\nimport {\n  ZapIcon,\n  MessageCircleDashedIcon,\n  WandSparklesIcon,\n  BoxIcon,\n} from \"lucide-react\";\nimport { ChatInputBox } from \"./chat-input-box\";\n\nconst chatModes = [\n  { id: \"fast\", label: \"Fast\", icon: ZapIcon },\n  { id: \"in-depth\", label: \"In-depth\", icon: MessageCircleDashedIcon },\n  { id: \"magic\", label: \"Magic AI\", icon: WandSparklesIcon, pro: true },\n  { id: \"holistic\", label: \"Holistic\", icon: BoxIcon },\n];\n\ninterface ChatWelcomeScreenProps {\n  message: string;\n  onMessageChange: (value: string) => void;\n  onSend: () => void;\n  selectedMode: string;\n  onModeChange: (modeId: string) => void;\n  selectedModel: string;\n  onModelChange: (modelId: string) => void;\n}\n\nexport function ChatWelcomeScreen({\n  message,\n  onMessageChange,\n  onSend,\n  selectedMode,\n  onModeChange,\n  selectedModel,\n  onModelChange,\n}: ChatWelcomeScreenProps) {\n  return (\n    <div className=\"flex h-full flex-col items-center justify-center px-4 md:px-8\">\n      <div className=\"w-full max-w-[640px] space-y-9 -mt-12\">\n        <div className=\"flex justify-center\">\n          <div className=\"flex items-center justify-center size-8 rounded-full\">\n            <Logo className=\"size-20\" />\n          </div>\n        </div>\n\n        <div className=\"space-y-4 text-center\">\n          <h1 className=\"text-2xl font-semibold tracking-tight\">\n            Hey! I&apos;m Square.ai\n          </h1>\n          <p className=\"text-2xl text-foreground\">\n            Tell me everything you need\n          </p>\n        </div>\n\n        <ChatInputBox\n          message={message}\n          onMessageChange={onMessageChange}\n          onSend={onSend}\n          selectedModel={selectedModel}\n          onModelChange={onModelChange}\n          showTools={true}\n        />\n\n        <div className=\"flex flex-wrap items-center justify-center gap-2\">\n          {chatModes.map((mode) => (\n            <Button\n              key={mode.id}\n              variant={selectedMode === mode.id ? \"secondary\" : \"ghost\"}\n              className={cn(\"gap-2\", selectedMode === mode.id && \"bg-accent\")}\n              onClick={() => onModeChange(mode.id)}\n            >\n              <mode.icon className=\"size-4\" />\n              <span>{mode.label}</span>\n              {mode.pro && (\n                <span className=\"rounded bg-primary/10 px-1.5 py-0.5 text-xs font-medium\">\n                  Pro\n                </span>\n              )}\n            </Button>\n          ))}\n        </div>\n      </div>\n\n      <div className=\"absolute bottom-6 text-center\">\n        <p className=\"text-sm text-muted-foreground\">\n          Square AI can make mistakes. Check important info.\n        </p>\n      </div>\n    </div>\n  );\n}\n\n"
    }
  ]
}
