{
  "$schema": "https://ui.shadcn.com/schema/registry-item.json",
  "name": "chat",
  "type": "registry:block",
  "title": "Chat Application",
  "description": "A complete chat application interface with sidebar, conversation view, and AI chat features.",
  "registryDependencies": [
    "button",
    "input",
    "textarea",
    "avatar",
    "dropdown-menu",
    "separator",
    "sheet",
    "tooltip"
  ],
  "dependencies": [
    "@radix-ui/react-avatar",
    "@radix-ui/react-dropdown-menu",
    "@radix-ui/react-separator",
    "@radix-ui/react-slot",
    "@radix-ui/react-tooltip",
    "date-fns",
    "lucide-react",
    "next-themes",
    "vaul",
    "zustand"
  ],
  "files": [
    {
      "path": "https://raw.githubusercontent.com/ln-dev7/square-ui/master/templates/chat/app/page.tsx",
      "type": "registry:page",
      "target": "app/page.tsx",
      "content": "\"use client\";\n\nimport { useState } from \"react\";\nimport { ChatSidebar } from \"@/components/chat/chat-sidebar\";\nimport { ChatMain } from \"@/components/chat/chat-main\";\nimport { ThemeToggle } from \"@/components/theme-toggle\";\nimport { Sheet, SheetContent } from \"@/components/ui/sheet\";\nimport { Button } from \"@/components/ui/button\";\nimport { GridPattern } from \"@/components/ui/grid-pattern\";\nimport { MenuIcon, Github } from \"lucide-react\";\nimport Link from \"next/link\";\n\nexport default function ChatPage() {\n  const [sidebarOpen, setSidebarOpen] = useState(false);\n\n  return (\n    <div className=\"flex h-screen overflow-hidden bg-background\">\n      <div className=\"hidden md:block w-64 border-r border-border\">\n        <ChatSidebar />\n      </div>\n\n      <Sheet open={sidebarOpen} onOpenChange={setSidebarOpen}>\n        <SheetContent\n          side=\"left\"\n          className=\"w-64 p-0 border-none [&>button]:hidden\"\n        >\n          <ChatSidebar />\n        </SheetContent>\n      </Sheet>\n\n      <div className=\"flex flex-1 flex-col overflow-hidden\">\n        <div className=\"flex md:hidden items-center justify-between border-b border-border px-4 h-14 bg-background z-20\">\n          <Button\n            variant=\"ghost\"\n            size=\"icon-sm\"\n            onClick={() => setSidebarOpen(true)}\n          >\n            <MenuIcon className=\"size-5\" />\n          </Button>\n\n          <div className=\"flex items-center gap-2\">\n            <Button variant=\"ghost\" size=\"icon-sm\" asChild>\n              <Link\n                href=\"https://github.com/ln-dev7/square-ui/tree/master/templates/chat\"\n                target=\"_blank\"\n                rel=\"noopener noreferrer\"\n              >\n                <Github className=\"size-4\" />\n              </Link>\n            </Button>\n            <ThemeToggle />\n          </div>\n        </div>\n\n        <div className=\"hidden md:flex absolute top-4 right-4 gap-2 z-20\">\n          <Button variant=\"ghost\" size=\"icon-sm\" asChild>\n            <Link\n              href=\"https://github.com/ln-dev7/square-ui/tree/master/templates/chat\"\n              target=\"_blank\"\n              rel=\"noopener noreferrer\"\n            >\n              <Github className=\"size-4\" />\n            </Link>\n          </Button>\n          <ThemeToggle />\n        </div>\n\n        <div className=\"flex-1 overflow-hidden relative\">\n          <GridPattern className=\"pointer-events-none\" />\n\n          <div className=\"relative z-10 h-full\">\n            <ChatMain />\n          </div>\n        </div>\n      </div>\n    </div>\n  );\n}\n"
    },
    {
      "path": "https://raw.githubusercontent.com/ln-dev7/square-ui/master/templates/chat/app/layout.tsx",
      "type": "registry:page",
      "target": "app/layout.tsx",
      "content": "import type { Metadata } from \"next\";\nimport \"./globals.css\";\nimport { ThemeProvider } from \"@/components/theme-provider\";\n\nexport const metadata: Metadata = {\n  title: \"Square AI - Chat Interface\",\n  description: \"A modern AI chat interface built with Next.js and shadcn/ui\",\n};\n\nexport default function RootLayout({\n  children,\n}: Readonly<{\n  children: React.ReactNode;\n}>) {\n  return (\n    <html lang=\"en\" suppressHydrationWarning>\n      <body className=\"antialiased\">\n        <ThemeProvider attribute=\"class\" defaultTheme=\"light\" enableSystem={false}>\n          {children}\n        </ThemeProvider>\n      </body>\n    </html>\n  );\n}\n"
    },
    {
      "path": "https://raw.githubusercontent.com/ln-dev7/square-ui/master/templates/chat/app/globals.css",
      "type": "registry:file",
      "target": "app/globals.css",
      "content": "@import \"tailwindcss\";\n@import \"tw-animate-css\";\n\n@custom-variant dark (&:is(.dark *));\n\n@theme inline {\n  --color-background: var(--background);\n  --color-foreground: var(--foreground);\n  --color-sidebar-ring: var(--sidebar-ring);\n  --color-sidebar-border: var(--sidebar-border);\n  --color-sidebar-accent-foreground: var(--sidebar-accent-foreground);\n  --color-sidebar-accent: var(--sidebar-accent);\n  --color-sidebar-primary-foreground: var(--sidebar-primary-foreground);\n  --color-sidebar-primary: var(--sidebar-primary);\n  --color-sidebar-foreground: var(--sidebar-foreground);\n  --color-sidebar: var(--sidebar);\n  --color-chart-5: var(--chart-5);\n  --color-chart-4: var(--chart-4);\n  --color-chart-3: var(--chart-3);\n  --color-chart-2: var(--chart-2);\n  --color-chart-1: var(--chart-1);\n  --color-ring: var(--ring);\n  --color-input: var(--input);\n  --color-border: var(--border);\n  --color-destructive: var(--destructive);\n  --color-accent-foreground: var(--accent-foreground);\n  --color-accent: var(--accent);\n  --color-muted-foreground: var(--muted-foreground);\n  --color-muted: var(--muted);\n  --color-secondary-foreground: var(--secondary-foreground);\n  --color-secondary: var(--secondary);\n  --color-primary-foreground: var(--primary-foreground);\n  --color-primary: var(--primary);\n  --color-popover-foreground: var(--popover-foreground);\n  --color-popover: var(--popover);\n  --color-card-foreground: var(--card-foreground);\n  --color-card: var(--card);\n  --radius-sm: calc(var(--radius) - 4px);\n  --radius-md: calc(var(--radius) - 2px);\n  --radius-lg: var(--radius);\n  --radius-xl: calc(var(--radius) + 4px);\n}\n\n:root {\n  --radius: 0.625rem;\n  --background: oklch(1 0 0);\n  --foreground: oklch(0.145 0 0);\n  --card: oklch(1 0 0);\n  --card-foreground: oklch(0.145 0 0);\n  --popover: oklch(1 0 0);\n  --popover-foreground: oklch(0.145 0 0);\n  --primary: oklch(0.205 0 0);\n  --primary-foreground: oklch(0.985 0 0);\n  --secondary: oklch(0.97 0 0);\n  --secondary-foreground: oklch(0.205 0 0);\n  --muted: oklch(0.97 0 0);\n  --muted-foreground: oklch(0.556 0 0);\n  --accent: oklch(0.97 0 0);\n  --accent-foreground: oklch(0.205 0 0);\n  --destructive: oklch(0.577 0.245 27.325);\n  --border: oklch(0.922 0 0);\n  --input: oklch(0.922 0 0);\n  --ring: oklch(0.708 0 0);\n  --chart-1: oklch(0.646 0.222 41.116);\n  --chart-2: oklch(0.6 0.118 184.704);\n  --chart-3: oklch(0.398 0.07 227.392);\n  --chart-4: oklch(0.828 0.189 84.429);\n  --chart-5: oklch(0.769 0.188 70.08);\n  --sidebar: oklch(0.985 0 0);\n  --sidebar-foreground: oklch(0.145 0 0);\n  --sidebar-primary: oklch(0.205 0 0);\n  --sidebar-primary-foreground: oklch(0.985 0 0);\n  --sidebar-accent: oklch(0.97 0 0);\n  --sidebar-accent-foreground: oklch(0.205 0 0);\n  --sidebar-border: oklch(0.922 0 0);\n  --sidebar-ring: oklch(0.708 0 0);\n}\n\n.dark {\n  --background: oklch(0.145 0 0);\n  --foreground: oklch(0.985 0 0);\n  --card: oklch(0.205 0 0);\n  --card-foreground: oklch(0.985 0 0);\n  --popover: oklch(0.205 0 0);\n  --popover-foreground: oklch(0.985 0 0);\n  --primary: oklch(0.922 0 0);\n  --primary-foreground: oklch(0.205 0 0);\n  --secondary: oklch(0.269 0 0);\n  --secondary-foreground: oklch(0.985 0 0);\n  --muted: oklch(0.269 0 0);\n  --muted-foreground: oklch(0.708 0 0);\n  --accent: oklch(0.269 0 0);\n  --accent-foreground: oklch(0.985 0 0);\n  --destructive: oklch(0.704 0.191 22.216);\n  --border: oklch(1 0 0 / 10%);\n  --input: oklch(1 0 0 / 15%);\n  --ring: oklch(0.556 0 0);\n  --chart-1: oklch(0.488 0.243 264.376);\n  --chart-2: oklch(0.696 0.17 162.48);\n  --chart-3: oklch(0.769 0.188 70.08);\n  --chart-4: oklch(0.627 0.265 303.9);\n  --chart-5: oklch(0.645 0.246 16.439);\n  --sidebar: oklch(0.205 0 0);\n  --sidebar-foreground: oklch(0.985 0 0);\n  --sidebar-primary: oklch(0.488 0.243 264.376);\n  --sidebar-primary-foreground: oklch(0.985 0 0);\n  --sidebar-accent: oklch(0.269 0 0);\n  --sidebar-accent-foreground: oklch(0.985 0 0);\n  --sidebar-border: oklch(1 0 0 / 10%);\n  --sidebar-ring: oklch(0.556 0 0);\n}\n\n@layer base {\n  * {\n    @apply border-border outline-ring/50;\n  }\n  body {\n    @apply bg-background text-foreground;\n  }\n}\n\n.no-scrollbar::-webkit-scrollbar {\n  display: none;\n}\n\n.no-scrollbar {\n  -ms-overflow-style: none;\n  scrollbar-width: none;\n}\n\n@keyframes bling {\n  0% {\n    box-shadow: 0 0 0 0 rgba(255, 255, 255, 0);\n  }\n  50% {\n    box-shadow: 0 0 20px 5px rgba(255, 255, 255, 0.8),\n                0 0 40px 10px rgba(255, 255, 255, 0.5),\n                inset 0 0 20px 5px rgba(255, 255, 255, 0.3);\n  }\n  100% {\n    box-shadow: 0 0 0 0 rgba(255, 255, 255, 0);\n  }\n}\n\n.animate-bling {\n  animation: bling 0.8s ease-in-out;\n}\n"
    },
    {
      "path": "https://raw.githubusercontent.com/ln-dev7/square-ui/master/templates/chat/components/chat/chat-main.tsx",
      "type": "registry:component",
      "target": "components/chat-main.tsx",
      "content": "\"use client\";\n\nimport { useState } from \"react\";\nimport { ChatWelcomeScreen } from \"./chat-welcome-screen\";\nimport { ChatConversationView } from \"./chat-conversation-view\";\n\ninterface Message {\n  id: string;\n  content: string;\n  sender: \"user\" | \"ai\";\n  timestamp: Date;\n}\n\nexport function ChatMain() {\n  const [message, setMessage] = useState(\"\");\n  const [selectedMode, setSelectedMode] = useState(\"fast\");\n  const [selectedModel, setSelectedModel] = useState(\"square-3\");\n  const [isConversationStarted, setIsConversationStarted] = useState(false);\n  const [messages, setMessages] = useState<Message[]>([]);\n\n  const handleSend = () => {\n    if (!message.trim()) return;\n\n    setIsConversationStarted(true);\n\n    setMessages([\n      {\n        id: \"1\",\n        content: message,\n        sender: \"user\",\n        timestamp: new Date(),\n      },\n      {\n        id: \"2\",\n        content:\n          \"Hello! I'm Square AI, your intelligent assistant. I'm here to help you with anything you need. How can I assist you today?\",\n        sender: \"ai\",\n        timestamp: new Date(),\n      },\n    ]);\n    setMessage(\"\");\n  };\n\n  const handleReset = () => {\n    setIsConversationStarted(false);\n    setMessages([]);\n    setMessage(\"\");\n  };\n\n  const handleSendMessage = (content: string) => {\n    setMessages([\n      ...messages,\n      {\n        id: Date.now().toString(),\n        content,\n        sender: \"user\",\n        timestamp: new Date(),\n      },\n    ]);\n    setMessage(\"\");\n  };\n\n  if (isConversationStarted) {\n    return (\n      <ChatConversationView\n        messages={messages}\n        message={message}\n        onMessageChange={setMessage}\n        onSend={handleSendMessage}\n        onReset={handleReset}\n      />\n    );\n  }\n\n  return (\n    <ChatWelcomeScreen\n      message={message}\n      onMessageChange={setMessage}\n      onSend={handleSend}\n      selectedMode={selectedMode}\n      onModeChange={setSelectedMode}\n      selectedModel={selectedModel}\n      onModelChange={setSelectedModel}\n    />\n  );\n}\n"
    },
    {
      "path": "https://raw.githubusercontent.com/ln-dev7/square-ui/master/templates/chat/components/chat/chat-sidebar.tsx",
      "type": "registry:component",
      "target": "components/chat-sidebar.tsx",
      "content": "\"use client\";\n\nimport { useState } from \"react\";\nimport {\n  SearchIcon,\n  HomeIcon,\n  SparklesIcon,\n  FileStackIcon,\n  Layers3Icon,\n  FolderClosedIcon,\n  ZapIcon,\n  MessageCircleDashedIcon,\n  WandSparklesIcon,\n  BoxIcon,\n  ChevronDownIcon,\n  UsersIcon,\n  BriefcaseIcon,\n  GraduationCapIcon,\n  CheckIcon,\n  MoreVerticalIcon,\n  Share2Icon,\n  PencilIcon,\n  ArchiveIcon,\n  ArchiveRestoreIcon,\n  Trash2Icon,\n} from \"lucide-react\";\nimport { Button } from \"@/components/ui/button\";\nimport { Input } from \"@/components/ui/input\";\nimport { Separator } from \"@/components/ui/separator\";\nimport { Logo } from \"@/components/ui/logo\";\nimport { useChatStore } from \"@/store/chat-store\";\nimport { cn } from \"@/lib/utils\";\nimport Image from \"next/image\";\nimport {\n  DropdownMenu,\n  DropdownMenuContent,\n  DropdownMenuItem,\n  DropdownMenuTrigger,\n  DropdownMenuSeparator,\n} from \"@/components/ui/dropdown-menu\";\nimport Link from \"next/link\";\n\nconst iconMap = {\n  zap: ZapIcon,\n  \"message-circle-dashed\": MessageCircleDashedIcon,\n  \"wand-sparkles\": WandSparklesIcon,\n  box: BoxIcon,\n};\n\nconst teams = [\n  { id: \"personal\", name: \"Personal\", icon: UsersIcon },\n  { id: \"work\", name: \"Work Team\", icon: BriefcaseIcon },\n  { id: \"education\", name: \"Education\", icon: GraduationCapIcon },\n];\n\nexport function ChatSidebar() {\n  const {\n    chats,\n    selectedChatId,\n    selectChat,\n    archiveChat,\n    unarchiveChat,\n    deleteChat,\n  } = useChatStore();\n  const [selectedTeam, setSelectedTeam] = useState(\"personal\");\n\n  const recentChats = chats.filter((chat) => !chat.isArchived);\n  const archivedChats = chats.filter((chat) => chat.isArchived);\n\n  return (\n    <div className=\"flex h-full w-full flex-col bg-sidebar border-r border-sidebar-border\">\n      <div className=\"flex items-center justify-between p-3 border-b border-sidebar-border\">\n        <DropdownMenu>\n          <DropdownMenuTrigger asChild>\n            <Button\n              variant=\"ghost\"\n              className=\"w-full justify-start gap-2.5 px-2 h-10\"\n            >\n              <Logo className=\"size-6\" />\n              <span className=\"font-semibold text-sm\">Square AI</span>\n              <div className=\"ml-auto flex items-center gap-1.5\">\n                <Image\n                  src=\"/ln.png\"\n                  alt=\"lndev.me\"\n                  className=\"size-5 object-cover rounded-full\"\n                  width={20}\n                  height={20}\n                />\n                <ChevronDownIcon className=\"size-3\" />\n              </div>\n            </Button>\n          </DropdownMenuTrigger>\n          <DropdownMenuContent align=\"start\" className=\"w-64\">\n            {teams.map((team) => {\n              const TeamIcon = team.icon;\n              const isSelected = selectedTeam === team.id;\n              return (\n                <DropdownMenuItem\n                  key={team.id}\n                  onClick={() => setSelectedTeam(team.id)}\n                  className=\"gap-2\"\n                >\n                  <TeamIcon className=\"size-4\" />\n                  <span className=\"flex-1\">{team.name}</span>\n                  {isSelected && <CheckIcon className=\"size-4\" />}\n                </DropdownMenuItem>\n              );\n            })}\n            <DropdownMenuSeparator />\n            <DropdownMenuItem className=\"gap-2\">\n              <Image\n                src=\"/ln.png\"\n                alt=\"lndev.me\"\n                className=\"size-4 object-cover rounded-full\"\n                width={16}\n                height={16}\n              />\n              <span>lndev.me</span>\n            </DropdownMenuItem>\n          </DropdownMenuContent>\n        </DropdownMenu>\n      </div>\n\n      <div className=\"p-3\">\n        <div className=\"relative flex items-center\">\n          <SearchIcon className=\"absolute left-3 size-4 text-muted-foreground\" />\n          <Input\n            placeholder=\"Search anything\"\n            className=\"pl-9 pr-10 h-[34px] bg-muted/50\"\n          />\n          <div className=\"absolute right-2 flex items-center justify-center size-5 rounded bg-muted text-xs text-muted-foreground\">\n            /\n          </div>\n        </div>\n      </div>\n\n      <div className=\"p-3 space-y-1\">\n        <Button variant=\"ghost\" className=\"w-full justify-start gap-2 px-2\">\n          <HomeIcon className=\"size-4\" />\n          <span className=\"text-sm\">Home</span>\n        </Button>\n        <Button variant=\"ghost\" className=\"w-full justify-start gap-2 px-2\">\n          <SparklesIcon className=\"size-4\" />\n          <span className=\"text-sm\">Ask AI</span>\n        </Button>\n        <Button variant=\"ghost\" className=\"w-full justify-start gap-2 px-2\">\n          <FileStackIcon className=\"size-4\" />\n          <span className=\"text-sm\">Prompt Library</span>\n        </Button>\n        <Button variant=\"ghost\" className=\"w-full justify-start gap-2 px-2\">\n          <Layers3Icon className=\"size-4\" />\n          <span className=\"text-sm\">Extension</span>\n        </Button>\n        <Button variant=\"ghost\" className=\"w-full justify-start gap-2 px-2\">\n          <FolderClosedIcon className=\"size-4\" />\n          <span className=\"text-sm\">Folders</span>\n        </Button>\n      </div>\n\n      <Separator />\n\n      <div className=\"flex-1 overflow-y-auto no-scrollbar\">\n        <div className=\"p-3 space-y-4\">\n          <div className=\"space-y-1\">\n            <div className=\"px-2 py-1.5\">\n              <p className=\"text-xs font-medium text-muted-foreground uppercase tracking-wider\">\n                Recent\n              </p>\n            </div>\n            {recentChats.map((chat) => {\n              const Icon =\n                iconMap[chat.icon as keyof typeof iconMap] ||\n                MessageCircleDashedIcon;\n              const isActive = selectedChatId === chat.id;\n              return (\n                <div\n                  key={chat.id}\n                  className={cn(\n                    \"group/item relative flex items-center rounded-md overflow-hidden\",\n                    isActive && \"bg-sidebar-accent\"\n                  )}\n                >\n                  <Button\n                    variant=\"ghost\"\n                    className={cn(\n                      \"flex-1 justify-start gap-2 px-2 text-left h-auto py-1.5 min-w-0 pr-8\",\n                      isActive ? \"hover:bg-sidebar-accent\" : \"hover:bg-accent\"\n                    )}\n                    onClick={() => selectChat(chat.id)}\n                  >\n                    <Icon className=\"size-4 shrink-0\" />\n                    <span className=\"text-sm truncate min-w-0\">\n                      {chat.title}\n                    </span>\n                  </Button>\n                  <DropdownMenu>\n                    <DropdownMenuTrigger asChild>\n                      <Button\n                        variant=\"secondary\"\n                        size=\"icon-sm\"\n                        className=\"absolute right-1 size-7 opacity-0 group-hover/item:opacity-100 data-[state=open]:opacity-100 transition-opacity\"\n                      >\n                        <MoreVerticalIcon className=\"size-4\" />\n                        <span className=\"sr-only\">More</span>\n                      </Button>\n                    </DropdownMenuTrigger>\n                    <DropdownMenuContent\n                      className=\"w-48\"\n                      side=\"right\"\n                      align=\"start\"\n                    >\n                      <DropdownMenuItem>\n                        <Share2Icon className=\"size-4 text-muted-foreground\" />\n                        <span>Share</span>\n                      </DropdownMenuItem>\n                      <DropdownMenuItem>\n                        <PencilIcon className=\"size-4 text-muted-foreground\" />\n                        <span>Rename</span>\n                      </DropdownMenuItem>\n                      <DropdownMenuItem onClick={() => archiveChat(chat.id)}>\n                        <ArchiveIcon className=\"size-4 text-muted-foreground\" />\n                        <span>Archive</span>\n                      </DropdownMenuItem>\n                      <DropdownMenuSeparator />\n                      <DropdownMenuItem\n                        variant=\"destructive\"\n                        onClick={() => deleteChat(chat.id)}\n                      >\n                        <Trash2Icon className=\"size-4\" />\n                        <span>Delete</span>\n                      </DropdownMenuItem>\n                    </DropdownMenuContent>\n                  </DropdownMenu>\n                </div>\n              );\n            })}\n          </div>\n\n          <div className=\"space-y-1\">\n            <div className=\"px-2 py-1.5\">\n              <p className=\"text-xs font-medium text-muted-foreground uppercase tracking-wider\">\n                Archived\n              </p>\n            </div>\n            {archivedChats.map((chat) => {\n              const Icon =\n                iconMap[chat.icon as keyof typeof iconMap] ||\n                MessageCircleDashedIcon;\n              const isActive = selectedChatId === chat.id;\n              return (\n                <div\n                  key={chat.id}\n                  className={cn(\n                    \"group/item relative flex items-center rounded-md overflow-hidden\",\n                    isActive && \"bg-sidebar-accent\"\n                  )}\n                >\n                  <Button\n                    variant=\"ghost\"\n                    className={cn(\n                      \"flex-1 justify-start gap-2 px-2 text-left h-auto py-1.5 min-w-0 pr-8\",\n                      isActive ? \"hover:bg-sidebar-accent\" : \"hover:bg-accent\"\n                    )}\n                    onClick={() => selectChat(chat.id)}\n                  >\n                    <Icon className=\"size-4 shrink-0\" />\n                    <span className=\"text-sm truncate min-w-0\">\n                      {chat.title}\n                    </span>\n                  </Button>\n                  <DropdownMenu>\n                    <DropdownMenuTrigger asChild>\n                      <Button\n                        variant=\"secondary\"\n                        size=\"icon-sm\"\n                        className=\"absolute right-1 size-7 opacity-0 group-hover/item:opacity-100 data-[state=open]:opacity-100 transition-opacity\"\n                      >\n                        <MoreVerticalIcon className=\"size-4\" />\n                        <span className=\"sr-only\">More</span>\n                      </Button>\n                    </DropdownMenuTrigger>\n                    <DropdownMenuContent\n                      className=\"w-48\"\n                      side=\"right\"\n                      align=\"start\"\n                    >\n                      <DropdownMenuItem>\n                        <Share2Icon className=\"size-4 text-muted-foreground\" />\n                        <span>Share</span>\n                      </DropdownMenuItem>\n                      <DropdownMenuItem>\n                        <PencilIcon className=\"size-4 text-muted-foreground\" />\n                        <span>Rename</span>\n                      </DropdownMenuItem>\n                      <DropdownMenuItem onClick={() => unarchiveChat(chat.id)}>\n                        <ArchiveRestoreIcon className=\"size-4 text-muted-foreground\" />\n                        <span>Unarchive</span>\n                      </DropdownMenuItem>\n                      <DropdownMenuSeparator />\n                      <DropdownMenuItem\n                        variant=\"destructive\"\n                        onClick={() => deleteChat(chat.id)}\n                      >\n                        <Trash2Icon className=\"size-4\" />\n                        <span>Delete</span>\n                      </DropdownMenuItem>\n                    </DropdownMenuContent>\n                  </DropdownMenu>\n                </div>\n              );\n            })}\n          </div>\n        </div>\n      </div>\n\n      <div className=\"p-5 border-t border-sidebar-border\">\n        <div className=\"rounded-lg bg-linear-to-br from-purple-500/10 via-blue-500/10 to-pink-500/10 p-3.5 space-y-3\">\n          <div className=\"space-y-1\">\n            <div className=\"flex items-center gap-2\">\n              <WandSparklesIcon className=\"size-4\" />\n              <span className=\"text-sm font-semibold\">Square UI</span>\n            </div>\n            <p className=\"text-xs text-muted-foreground leading-tight\">\n              Collection of beautifully crafted open-source layouts UI built\n              with shadcn/ui.\n            </p>\n          </div>\n          <Button\n            size=\"sm\"\n            className=\"relative w-fit h-[30px] px-3 overflow-hidden bg-white text-black hover:bg-white/90 shadow-[0px_1px_2px_0px_rgba(8,8,8,0.2),0px_4px_4px_0px_rgba(8,8,8,0.08),inset_0px_1px_1px_0px_rgba(255,255,255,0.2),inset_0px_6px_12px_0px_rgba(255,255,255,0.12)]\"\n            asChild\n          >\n            <Link\n              href=\"https://square.lndev.me\"\n              target=\"_blank\"\n              rel=\"noopener noreferrer\"\n            >\n              <div className=\"absolute inset-0 bg-[radial-gradient(ellipse_at_top_right,rgba(205,175,250,1),transparent_50%),radial-gradient(ellipse_at_bottom_right,rgba(129,169,248,1),transparent_50%),radial-gradient(ellipse_at_top_left,rgba(247,203,191,1),transparent_50%),radial-gradient(ellipse_at_bottom_left,rgba(164,252,245,1),transparent_50%)]\" />\n              <span className=\"relative z-10 font-medium text-xs\">\n                square.lndev.me\n              </span>\n            </Link>\n          </Button>\n        </div>\n      </div>\n    </div>\n  );\n}\n"
    },
    {
      "path": "https://raw.githubusercontent.com/ln-dev7/square-ui/master/templates/chat/components/chat/chat-conversation-view.tsx",
      "type": "registry:component",
      "target": "components/chat-conversation-view.tsx",
      "content": "import { Button } from \"@/components/ui/button\";\nimport { Textarea } from \"@/components/ui/textarea\";\nimport { XIcon, PaperclipIcon } from \"lucide-react\";\nimport { ChatMessage } from \"./chat-message\";\n\ninterface Message {\n  id: string;\n  content: string;\n  sender: \"user\" | \"ai\";\n  timestamp: Date;\n}\n\ninterface ChatConversationViewProps {\n  messages: Message[];\n  message: string;\n  onMessageChange: (value: string) => void;\n  onSend: (content: string) => void;\n  onReset: () => void;\n}\n\nexport function ChatConversationView({\n  messages,\n  message,\n  onMessageChange,\n  onSend,\n  onReset,\n}: ChatConversationViewProps) {\n  return (\n    <div className=\"flex h-full flex-col\">\n      <div className=\"flex-1 overflow-y-auto px-4 md:px-8 py-8\">\n        <div className=\"max-w-[640px] mx-auto space-y-6\">\n          <div className=\"flex justify-end mb-2\">\n            <Button\n              variant=\"secondary\"\n              size=\"icon-sm\"\n              onClick={onReset}\n              className=\"size-8 rounded-full border\"\n            >\n              <XIcon className=\"size-4\" />\n            </Button>\n          </div>\n          {messages.map((msg) => (\n            <ChatMessage key={msg.id} message={msg} />\n          ))}\n        </div>\n      </div>\n\n      <div className=\"border-t border-border px-4 md:px-8 py-[17px]\">\n        <div className=\"max-w-[640px] mx-auto\">\n          <div className=\"rounded-2xl border border-border bg-secondary dark:bg-card p-1\">\n            <div className=\"rounded-xl border border-border dark:border-transparent bg-card dark:bg-secondary\">\n              <Textarea\n                placeholder=\"Continue the conversation...\"\n                value={message}\n                onChange={(e) => onMessageChange(e.target.value)}\n                className=\"min-h-[80px] resize-none border-0 bg-transparent px-4 py-3 text-base placeholder:text-muted-foreground/60 focus-visible:ring-0 focus-visible:ring-offset-0\"\n                onKeyDown={(e) => {\n                  if (e.key === \"Enter\" && !e.shiftKey) {\n                    e.preventDefault();\n                    if (message.trim()) {\n                      onSend(message);\n                    }\n                  }\n                }}\n              />\n\n              <div className=\"flex items-center justify-between px-4 py-3 border-t border-border/50\">\n                <div className=\"flex items-center gap-2\">\n                  <Button\n                    variant=\"ghost\"\n                    size=\"icon-sm\"\n                    className=\"size-7 rounded-full border border-border dark:border-input bg-card dark:bg-secondary hover:bg-accent\"\n                  >\n                    <PaperclipIcon className=\"size-4 text-muted-foreground\" />\n                  </Button>\n                </div>\n\n                <Button\n                  size=\"sm\"\n                  onClick={() => {\n                    if (message.trim()) {\n                      onSend(message);\n                    }\n                  }}\n                  className=\"h-7 px-4\"\n                >\n                  Send\n                </Button>\n              </div>\n            </div>\n          </div>\n        </div>\n      </div>\n    </div>\n  );\n}\n\n"
    },
    {
      "path": "https://raw.githubusercontent.com/ln-dev7/square-ui/master/templates/chat/components/chat/chat-message.tsx",
      "type": "registry:component",
      "target": "components/chat-message.tsx",
      "content": "import { cn } from \"@/lib/utils\";\nimport { Logo } from \"@/components/ui/logo\";\nimport { Avatar, AvatarFallback, AvatarImage } from \"@/components/ui/avatar\";\n\ninterface Message {\n  id: string;\n  content: string;\n  sender: \"user\" | \"ai\";\n  timestamp: Date;\n}\n\ninterface ChatMessageProps {\n  message: Message;\n}\n\nexport function ChatMessage({ message }: ChatMessageProps) {\n  return (\n    <div\n      className={cn(\n        \"flex gap-4\",\n        message.sender === \"user\" ? \"justify-end\" : \"justify-start\"\n      )}\n    >\n      {message.sender === \"ai\" && (\n        <div className=\"shrink-0\">\n          <div className=\"size-8 rounded-full bg-secondary flex items-center justify-center\">\n            <Logo className=\"size-6\" />\n          </div>\n        </div>\n      )}\n\n      <div\n        className={cn(\n          \"rounded-2xl px-4 py-3 max-w-[80%]\",\n          message.sender === \"user\"\n            ? \"bg-primary text-primary-foreground\"\n            : \"bg-secondary\"\n        )}\n      >\n        <p className=\"text-sm leading-relaxed\">{message.content}</p>\n      </div>\n\n      {message.sender === \"user\" && (\n        <div className=\"shrink-0\">\n          <Avatar className=\"size-8\">\n            <AvatarImage src=\"/ln.png\" alt=\"User\" />\n            <AvatarFallback>U</AvatarFallback>\n          </Avatar>\n        </div>\n      )}\n    </div>\n  );\n}\n\n"
    },
    {
      "path": "https://raw.githubusercontent.com/ln-dev7/square-ui/master/templates/chat/components/chat/chat-input-box.tsx",
      "type": "registry:component",
      "target": "components/chat-input-box.tsx",
      "content": "import {\n  PaperclipIcon,\n  CircleDashedIcon,\n  SparklesIcon,\n  ChevronDownIcon,\n  CheckIcon,\n} from \"lucide-react\";\nimport { Button } from \"@/components/ui/button\";\nimport { Textarea } from \"@/components/ui/textarea\";\nimport { Logo } from \"@/components/ui/logo\";\nimport {\n  DropdownMenu,\n  DropdownMenuContent,\n  DropdownMenuItem,\n  DropdownMenuTrigger,\n} from \"@/components/ui/dropdown-menu\";\n\nconst aiModels = [\n  { id: \"square-3\", label: \"Square AI 3.0\", icon: SparklesIcon },\n  { id: \"square-turbo\", label: \"Square AI Turbo\", icon: SparklesIcon },\n  { id: \"square-pro\", label: \"Square AI Pro\", icon: SparklesIcon },\n  { id: \"square-ultra\", label: \"Square AI Ultra\", icon: SparklesIcon },\n];\n\ninterface ChatInputBoxProps {\n  message: string;\n  onMessageChange: (value: string) => void;\n  onSend: () => void;\n  selectedModel: string;\n  onModelChange: (modelId: string) => void;\n  showTools?: boolean;\n  placeholder?: string;\n}\n\nexport function ChatInputBox({\n  message,\n  onMessageChange,\n  onSend,\n  selectedModel,\n  onModelChange,\n  showTools = true,\n  placeholder = \"Ask anything...\",\n}: ChatInputBoxProps) {\n  return (\n    <div className=\"rounded-2xl border border-border bg-secondary dark:bg-card p-1\">\n      <div className=\"rounded-xl border border-border dark:border-transparent bg-card dark:bg-secondary\">\n        <Textarea\n          placeholder={placeholder}\n          value={message}\n          onChange={(e) => onMessageChange(e.target.value)}\n          className=\"min-h-[120px] resize-none border-0 bg-transparent px-4 py-3 text-base placeholder:text-muted-foreground/60 focus-visible:ring-0 focus-visible:ring-offset-0\"\n          onKeyDown={(e) => {\n            if (e.key === \"Enter\" && !e.shiftKey) {\n              e.preventDefault();\n              onSend();\n            }\n          }}\n        />\n\n        <div className=\"flex items-center justify-between px-4 py-3 border-t border-border/50\">\n          <div className=\"flex items-center gap-2\">\n            <Button\n              variant=\"ghost\"\n              size=\"icon-sm\"\n              className=\"size-7 rounded-full border border-border dark:border-input bg-card dark:bg-secondary hover:bg-accent\"\n            >\n              <PaperclipIcon className=\"size-4 text-muted-foreground\" />\n            </Button>\n            {showTools && (\n              <>\n                <Button\n                  variant=\"ghost\"\n                  size=\"sm\"\n                  className=\"gap-1.5 h-7 rounded-full border border-border dark:border-input bg-card dark:bg-secondary hover:bg-accent px-3\"\n                >\n                  <CircleDashedIcon className=\"size-4 text-muted-foreground\" />\n                  <span className=\"hidden sm:inline text-sm text-muted-foreground/70\">\n                    Deep Search\n                  </span>\n                </Button>\n                <Button\n                  variant=\"ghost\"\n                  size=\"sm\"\n                  className=\"gap-1.5 h-7 rounded-full border border-border dark:border-input bg-card dark:bg-secondary hover:bg-accent px-3\"\n                >\n                  <SparklesIcon className=\"size-4 text-muted-foreground\" />\n                  <span className=\"hidden sm:inline text-sm text-muted-foreground/70\">\n                    Think\n                  </span>\n                </Button>\n              </>\n            )}\n          </div>\n\n          {showTools ? (\n            <DropdownMenu>\n              <DropdownMenuTrigger asChild>\n                <Button\n                  variant=\"ghost\"\n                  size=\"sm\"\n                  className=\"gap-2 h-5 px-0 hover:bg-transparent\"\n                >\n                  <Logo className=\"size-6\" />\n                  <span className=\"hidden sm:inline text-sm text-foreground dark:text-muted-foreground\">\n                    {aiModels.find((m) => m.id === selectedModel)?.label}\n                  </span>\n                  <ChevronDownIcon className=\"size-4 text-foreground dark:text-muted-foreground\" />\n                </Button>\n              </DropdownMenuTrigger>\n              <DropdownMenuContent align=\"end\" className=\"w-56\">\n                {aiModels.map((model) => {\n                  const ModelIcon = model.icon;\n                  const isSelected = selectedModel === model.id;\n                  return (\n                    <DropdownMenuItem\n                      key={model.id}\n                      onClick={() => onModelChange(model.id)}\n                      className=\"gap-2\"\n                    >\n                      <ModelIcon className=\"size-4\" />\n                      <span className=\"flex-1\">{model.label}</span>\n                      {isSelected && <CheckIcon className=\"size-4\" />}\n                    </DropdownMenuItem>\n                  );\n                })}\n              </DropdownMenuContent>\n            </DropdownMenu>\n          ) : (\n            <Button\n              size=\"sm\"\n              onClick={onSend}\n              className=\"h-7 px-4\"\n            >\n              Send\n            </Button>\n          )}\n        </div>\n      </div>\n    </div>\n  );\n}\n\n"
    },
    {
      "path": "https://raw.githubusercontent.com/ln-dev7/square-ui/master/templates/chat/components/chat/chat-welcome-screen.tsx",
      "type": "registry:component",
      "target": "components/chat-welcome-screen.tsx",
      "content": "import { Button } from \"@/components/ui/button\";\nimport { Logo } from \"@/components/ui/logo\";\nimport { cn } from \"@/lib/utils\";\nimport {\n  ZapIcon,\n  MessageCircleDashedIcon,\n  WandSparklesIcon,\n  BoxIcon,\n} from \"lucide-react\";\nimport { ChatInputBox } from \"./chat-input-box\";\n\nconst chatModes = [\n  { id: \"fast\", label: \"Fast\", icon: ZapIcon },\n  { id: \"in-depth\", label: \"In-depth\", icon: MessageCircleDashedIcon },\n  { id: \"magic\", label: \"Magic AI\", icon: WandSparklesIcon, pro: true },\n  { id: \"holistic\", label: \"Holistic\", icon: BoxIcon },\n];\n\ninterface ChatWelcomeScreenProps {\n  message: string;\n  onMessageChange: (value: string) => void;\n  onSend: () => void;\n  selectedMode: string;\n  onModeChange: (modeId: string) => void;\n  selectedModel: string;\n  onModelChange: (modelId: string) => void;\n}\n\nexport function ChatWelcomeScreen({\n  message,\n  onMessageChange,\n  onSend,\n  selectedMode,\n  onModeChange,\n  selectedModel,\n  onModelChange,\n}: ChatWelcomeScreenProps) {\n  return (\n    <div className=\"flex h-full flex-col items-center justify-center px-4 md:px-8\">\n      <div className=\"w-full max-w-[640px] space-y-9 -mt-12\">\n        <div className=\"flex justify-center\">\n          <div className=\"flex items-center justify-center size-8 rounded-full\">\n            <Logo className=\"size-20\" />\n          </div>\n        </div>\n\n        <div className=\"space-y-4 text-center\">\n          <h1 className=\"text-2xl font-semibold tracking-tight\">\n            Hey! I&apos;m Square.ai\n          </h1>\n          <p className=\"text-2xl text-foreground\">\n            Tell me everything you need\n          </p>\n        </div>\n\n        <ChatInputBox\n          message={message}\n          onMessageChange={onMessageChange}\n          onSend={onSend}\n          selectedModel={selectedModel}\n          onModelChange={onModelChange}\n          showTools={true}\n        />\n\n        <div className=\"flex flex-wrap items-center justify-center gap-2\">\n          {chatModes.map((mode) => (\n            <Button\n              key={mode.id}\n              variant={selectedMode === mode.id ? \"secondary\" : \"ghost\"}\n              className={cn(\"gap-2\", selectedMode === mode.id && \"bg-accent\")}\n              onClick={() => onModeChange(mode.id)}\n            >\n              <mode.icon className=\"size-4\" />\n              <span>{mode.label}</span>\n              {mode.pro && (\n                <span className=\"rounded bg-primary/10 px-1.5 py-0.5 text-xs font-medium\">\n                  Pro\n                </span>\n              )}\n            </Button>\n          ))}\n        </div>\n      </div>\n\n      <div className=\"absolute bottom-6 text-center\">\n        <p className=\"text-sm text-muted-foreground\">\n          Square AI can make mistakes. Check important info.\n        </p>\n      </div>\n    </div>\n  );\n}\n\n"
    },
    {
      "path": "https://raw.githubusercontent.com/ln-dev7/square-ui/master/templates/chat/components/ui/logo.tsx",
      "type": "registry:ui",
      "target": "components/ui/logo.tsx",
      "content": "import { cn } from \"@/lib/utils\";\n\nexport function Logo({ className }: { className?: string }) {\n  return (\n    <svg\n      width=\"47\"\n      height=\"48\"\n      viewBox=\"0 0 47 48\"\n      fill=\"none\"\n      xmlns=\"http://www.w3.org/2000/svg\"\n      className={cn(\"mt-1 shrink-0\", className)}\n    >\n      <g filter=\"url(#filter0_ddii_1_3600)\">\n        <rect\n          x=\"7.20996\"\n          y=\"4.05426\"\n          width=\"32\"\n          height=\"32\"\n          rx=\"6.4\"\n          className=\"fill-white dark:fill-[#18181B]\"\n          shapeRendering=\"crispEdges\"\n        />\n        <rect\n          x=\"7.20996\"\n          y=\"4.05426\"\n          width=\"32\"\n          height=\"32\"\n          rx=\"6.4\"\n          fill=\"url(#paint0_radial_1_3600)\"\n          shapeRendering=\"crispEdges\"\n        />\n        <rect\n          x=\"7.20996\"\n          y=\"4.05426\"\n          width=\"32\"\n          height=\"32\"\n          rx=\"6.4\"\n          fill=\"url(#paint1_radial_1_3600)\"\n          shapeRendering=\"crispEdges\"\n        />\n        <rect\n          x=\"7.20996\"\n          y=\"4.05426\"\n          width=\"32\"\n          height=\"32\"\n          rx=\"6.4\"\n          fill=\"url(#paint2_radial_1_3600)\"\n          shapeRendering=\"crispEdges\"\n        />\n        <rect\n          x=\"7.20996\"\n          y=\"4.05426\"\n          width=\"32\"\n          height=\"32\"\n          rx=\"6.4\"\n          fill=\"url(#paint3_radial_1_3600)\"\n          shapeRendering=\"crispEdges\"\n        />\n        <g clipPath=\"url(#clip0_1_3600)\">\n          <rect\n            x=\"17.21\"\n            y=\"14.0543\"\n            width=\"12\"\n            height=\"12\"\n            rx=\"2\"\n            className=\"fill-[#18181B] dark:fill-white\"\n          />\n        </g>\n        <rect\n          x=\"4.71387\"\n          y=\"1.55347\"\n          width=\"37\"\n          height=\"37\"\n          rx=\"7.5\"\n          className=\"stroke-white dark:stroke-[#18181B]\"\n        />\n        <rect\n          x=\"4.71387\"\n          y=\"1.55347\"\n          width=\"37\"\n          height=\"37\"\n          rx=\"7.5\"\n          stroke=\"url(#paint4_radial_1_3600)\"\n        />\n        <rect\n          x=\"4.71387\"\n          y=\"1.55347\"\n          width=\"37\"\n          height=\"37\"\n          rx=\"7.5\"\n          stroke=\"url(#paint5_radial_1_3600)\"\n        />\n        <rect\n          x=\"4.71387\"\n          y=\"1.55347\"\n          width=\"37\"\n          height=\"37\"\n          rx=\"7.5\"\n          stroke=\"url(#paint6_radial_1_3600)\"\n        />\n        <rect\n          x=\"4.71387\"\n          y=\"1.55347\"\n          width=\"37\"\n          height=\"37\"\n          rx=\"7.5\"\n          stroke=\"url(#paint7_radial_1_3600)\"\n        />\n      </g>\n      <defs>\n        <filter\n          id=\"filter0_ddii_1_3600\"\n          x=\"-2.19345e-05\"\n          y=\"-5.48363e-06\"\n          width=\"46.4278\"\n          height=\"47.4813\"\n          filterUnits=\"userSpaceOnUse\"\n          colorInterpolationFilters=\"sRGB\"\n        >\n          <feFlood floodOpacity=\"0\" result=\"BackgroundImageFix\" />\n          <feColorMatrix\n            in=\"SourceAlpha\"\n            type=\"matrix\"\n            values=\"0 0 0 0 0 0 0 0 0 0 0 0 0 0 0 0 0 0 127 0\"\n            result=\"hardAlpha\"\n          />\n          <feOffset dy=\"4.21389\" />\n          <feGaussianBlur stdDeviation=\"2.10694\" />\n          <feComposite in2=\"hardAlpha\" operator=\"out\" />\n          <feColorMatrix\n            type=\"matrix\"\n            values=\"0 0 0 0 0.0313726 0 0 0 0 0.0313726 0 0 0 0 0.0313726 0 0 0 0.08 0\"\n          />\n          <feBlend\n            mode=\"normal\"\n            in2=\"BackgroundImageFix\"\n            result=\"effect1_dropShadow_1_3600\"\n          />\n          <feColorMatrix\n            in=\"SourceAlpha\"\n            type=\"matrix\"\n            values=\"0 0 0 0 0 0 0 0 0 0 0 0 0 0 0 0 0 0 127 0\"\n            result=\"hardAlpha\"\n          />\n          <feOffset dy=\"1.05347\" />\n          <feGaussianBlur stdDeviation=\"1.05347\" />\n          <feComposite in2=\"hardAlpha\" operator=\"out\" />\n          <feColorMatrix\n            type=\"matrix\"\n            values=\"0 0 0 0 0.0313726 0 0 0 0 0.0313726 0 0 0 0 0.0313726 0 0 0 0.2 0\"\n          />\n          <feBlend\n            mode=\"normal\"\n            in2=\"effect1_dropShadow_1_3600\"\n            result=\"effect2_dropShadow_1_3600\"\n          />\n          <feBlend\n            mode=\"normal\"\n            in=\"SourceGraphic\"\n            in2=\"effect2_dropShadow_1_3600\"\n            result=\"shape\"\n          />\n          <feColorMatrix\n            in=\"SourceAlpha\"\n            type=\"matrix\"\n            values=\"0 0 0 0 0 0 0 0 0 0 0 0 0 0 0 0 0 0 127 0\"\n            result=\"hardAlpha\"\n          />\n          <feOffset dy=\"6.32083\" />\n          <feGaussianBlur stdDeviation=\"6.32083\" />\n          <feComposite in2=\"hardAlpha\" operator=\"arithmetic\" k2=\"-1\" k3=\"1\" />\n          <feColorMatrix\n            type=\"matrix\"\n            values=\"0 0 0 0 1 0 0 0 0 1 0 0 0 0 1 0 0 0 0.12 0\"\n          />\n          <feBlend\n            mode=\"normal\"\n            in2=\"shape\"\n            result=\"effect3_innerShadow_1_3600\"\n          />\n          <feColorMatrix\n            in=\"SourceAlpha\"\n            type=\"matrix\"\n            values=\"0 0 0 0 0 0 0 0 0 0 0 0 0 0 0 0 0 0 127 0\"\n            result=\"hardAlpha\"\n          />\n          <feOffset dy=\"1.05347\" />\n          <feGaussianBlur stdDeviation=\"0.526736\" />\n          <feComposite in2=\"hardAlpha\" operator=\"arithmetic\" k2=\"-1\" k3=\"1\" />\n          <feColorMatrix\n            type=\"matrix\"\n            values=\"0 0 0 0 1 0 0 0 0 1 0 0 0 0 1 0 0 0 0.2 0\"\n          />\n          <feBlend\n            mode=\"normal\"\n            in2=\"effect3_innerShadow_1_3600\"\n            result=\"effect4_innerShadow_1_3600\"\n          />\n        </filter>\n        <radialGradient\n          id=\"paint0_radial_1_3600\"\n          cx=\"0\"\n          cy=\"0\"\n          r=\"1\"\n          gradientTransform=\"matrix(9.67335 -22.2222 22.2222 227.281 16.4707 21.832)\"\n          gradientUnits=\"userSpaceOnUse\"\n        >\n          <stop stopColor=\"#A4FCF5\" />\n          <stop offset=\"1\" stopColor=\"#A4FCF5\" stopOpacity=\"0\" />\n        </radialGradient>\n        <radialGradient\n          id=\"paint1_radial_1_3600\"\n          cx=\"0\"\n          cy=\"0\"\n          r=\"1\"\n          gradientTransform=\"matrix(12.4241 28.4445 -28.4445 291.91 8.40194 4.05424)\"\n          gradientUnits=\"userSpaceOnUse\"\n        >\n          <stop stopColor=\"#F7CBBF\" />\n          <stop offset=\"1\" stopColor=\"#F7CBBF\" stopOpacity=\"0\" />\n        </radialGradient>\n        <radialGradient\n          id=\"paint2_radial_1_3600\"\n          cx=\"0\"\n          cy=\"0\"\n          r=\"1\"\n          gradientTransform=\"matrix(-8.75645 -32 32 -205.738 28.9406 36.0543)\"\n          gradientUnits=\"userSpaceOnUse\"\n        >\n          <stop stopColor=\"#81A9F8\" />\n          <stop offset=\"1\" stopColor=\"#81A9F8\" stopOpacity=\"0\" />\n        </radialGradient>\n        <radialGradient\n          id=\"paint3_radial_1_3600\"\n          cx=\"0\"\n          cy=\"0\"\n          r=\"1\"\n          gradientTransform=\"matrix(-16.0458 32 -32 -377.006 39.21 4.05429)\"\n          gradientUnits=\"userSpaceOnUse\"\n        >\n          <stop stopColor=\"#CDAFFA\" />\n          <stop offset=\"1\" stopColor=\"#CDAFFA\" stopOpacity=\"0\" />\n        </radialGradient>\n        <radialGradient\n          id=\"paint4_radial_1_3600\"\n          cx=\"0\"\n          cy=\"0\"\n          r=\"1\"\n          gradientTransform=\"matrix(11.4871 -26.3889 26.3889 269.896 15.211 22.1646)\"\n          gradientUnits=\"userSpaceOnUse\"\n        >\n          <stop stopColor=\"#A4FCF5\" />\n          <stop offset=\"1\" stopColor=\"#A4FCF5\" stopOpacity=\"0\" />\n        </radialGradient>\n        <radialGradient\n          id=\"paint5_radial_1_3600\"\n          cx=\"0\"\n          cy=\"0\"\n          r=\"1\"\n          gradientTransform=\"matrix(14.7536 33.7778 -33.7778 346.644 5.62934 1.05345)\"\n          gradientUnits=\"userSpaceOnUse\"\n        >\n          <stop stopColor=\"#F7CBBF\" />\n          <stop offset=\"1\" stopColor=\"#F7CBBF\" stopOpacity=\"0\" />\n        </radialGradient>\n        <radialGradient\n          id=\"paint6_radial_1_3600\"\n          cx=\"0\"\n          cy=\"0\"\n          r=\"1\"\n          gradientTransform=\"matrix(-10.3983 -38 38 -244.314 30.019 39.0535)\"\n          gradientUnits=\"userSpaceOnUse\"\n        >\n          <stop stopColor=\"#81A9F8\" />\n          <stop offset=\"1\" stopColor=\"#81A9F8\" stopOpacity=\"0\" />\n        </radialGradient>\n        <radialGradient\n          id=\"paint7_radial_1_3600\"\n          cx=\"0\"\n          cy=\"0\"\n          r=\"1\"\n          gradientTransform=\"matrix(-19.0544 38 -38 -447.695 42.2139 1.0535)\"\n          gradientUnits=\"userSpaceOnUse\"\n        >\n          <stop stopColor=\"#CDAFFA\" />\n          <stop offset=\"1\" stopColor=\"#CDAFFA\" stopOpacity=\"0\" />\n        </radialGradient>\n        <clipPath id=\"clip0_1_3600\">\n          <rect\n            width=\"16\"\n            height=\"16\"\n            fill=\"white\"\n            transform=\"translate(15.21 12.0543)\"\n          />\n        </clipPath>\n      </defs>\n    </svg>\n  );\n}\n"
    },
    {
      "path": "https://raw.githubusercontent.com/ln-dev7/square-ui/master/templates/chat/components/ui/grid-pattern.tsx",
      "type": "registry:ui",
      "target": "components/ui/grid-pattern.tsx",
      "content": "\"use client\";\n\nimport { cn } from \"@/lib/utils\";\n\nexport function GridPattern({ className }: { className?: string }) {\n  return (\n    <>\n      <div\n        className={cn(\"absolute inset-0 z-0 dark:hidden\", className)}\n        style={{\n          backgroundImage: `\n            linear-gradient(to right, #e7e5e4 1px, transparent 1px),\n            linear-gradient(to bottom, #e7e5e4 1px, transparent 1px)\n          `,\n          backgroundSize: \"20px 20px\",\n          backgroundPosition: \"0 0, 0 0\",\n          maskImage: `\n            repeating-linear-gradient(\n              to right,\n              black 0px,\n              black 3px,\n              transparent 3px,\n              transparent 8px\n            ),\n            repeating-linear-gradient(\n              to bottom,\n              black 0px,\n              black 3px,\n              transparent 3px,\n              transparent 8px\n            ),\n            radial-gradient(ellipse 70% 60% at 50% 0%, #000 60%, transparent 100%)\n          `,\n          WebkitMaskImage: `\n            repeating-linear-gradient(\n              to right,\n              black 0px,\n              black 3px,\n              transparent 3px,\n              transparent 8px\n            ),\n            repeating-linear-gradient(\n              to bottom,\n              black 0px,\n              black 3px,\n              transparent 3px,\n              transparent 8px\n            ),\n            radial-gradient(ellipse 70% 60% at 50% 0%, #000 60%, transparent 100%)\n          `,\n          maskComposite: \"intersect\",\n          WebkitMaskComposite: \"source-in\",\n        }}\n      />\n\n      <div\n        className={cn(\"absolute inset-0 z-0 hidden dark:block\", className)}\n        style={{\n          backgroundImage: `\n            linear-gradient(to right, #1f1f23 1px, transparent 1px),\n            linear-gradient(to bottom, #1f1f23 1px, transparent 1px)\n          `,\n          backgroundSize: \"20px 20px\",\n          backgroundPosition: \"0 0, 0 0\",\n          maskImage: `\n            repeating-linear-gradient(\n              to right,\n              black 0px,\n              black 3px,\n              transparent 3px,\n              transparent 8px\n            ),\n            repeating-linear-gradient(\n              to bottom,\n              black 0px,\n              black 3px,\n              transparent 3px,\n              transparent 8px\n            ),\n            radial-gradient(ellipse 70% 60% at 50% 0%, #000 60%, transparent 100%)\n          `,\n          WebkitMaskImage: `\n            repeating-linear-gradient(\n              to right,\n              black 0px,\n              black 3px,\n              transparent 3px,\n              transparent 8px\n            ),\n            repeating-linear-gradient(\n              to bottom,\n              black 0px,\n              black 3px,\n              transparent 3px,\n              transparent 8px\n            ),\n            radial-gradient(ellipse 70% 60% at 50% 0%, #000 60%, transparent 100%)\n          `,\n          maskComposite: \"intersect\",\n          WebkitMaskComposite: \"source-in\",\n        }}\n      />\n    </>\n  );\n}\n"
    },
    {
      "path": "https://raw.githubusercontent.com/ln-dev7/square-ui/master/templates/chat/store/chat-store.ts",
      "type": "registry:file",
      "target": "store/chat-store.ts",
      "content": "import { create } from \"zustand\";\nimport { mockChats, type Chat, type Message } from \"@/mock-data/chats\";\n\ninterface ChatState {\n  chats: Chat[];\n  selectedChatId: string | null;\n  selectChat: (chatId: string) => void;\n  addMessage: (chatId: string, message: Omit<Message, \"id\" | \"timestamp\">) => void;\n  createNewChat: () => void;\n  archiveChat: (chatId: string) => void;\n  unarchiveChat: (chatId: string) => void;\n  deleteChat: (chatId: string) => void;\n}\n\nexport const useChatStore = create<ChatState>((set) => ({\n  chats: mockChats,\n  selectedChatId: null,\n  \n  selectChat: (chatId) => set({ selectedChatId: chatId }),\n  \n  addMessage: (chatId, message) =>\n    set((state) => ({\n      chats: state.chats.map((chat) =>\n        chat.id === chatId\n          ? {\n              ...chat,\n              messages: [\n                ...chat.messages,\n                {\n                  ...message,\n                  id: `msg-${Date.now()}-${Math.random()}`,\n                  timestamp: new Date(),\n                },\n              ],\n              updatedAt: new Date(),\n            }\n          : chat\n      ),\n    })),\n  \n  createNewChat: () =>\n    set((state) => {\n      const newChat: Chat = {\n        id: `chat-${Date.now()}`,\n        title: \"New Conversation\",\n        icon: \"message-circle-dashed\",\n        messages: [],\n        createdAt: new Date(),\n        updatedAt: new Date(),\n        isArchived: false,\n      };\n      return {\n        chats: [newChat, ...state.chats],\n        selectedChatId: newChat.id,\n      };\n    }),\n  \n  archiveChat: (chatId) =>\n    set((state) => ({\n      chats: state.chats.map((chat) =>\n        chat.id === chatId ? { ...chat, isArchived: true } : chat\n      ),\n    })),\n  \n  unarchiveChat: (chatId) =>\n    set((state) => ({\n      chats: state.chats.map((chat) =>\n        chat.id === chatId ? { ...chat, isArchived: false } : chat\n      ),\n    })),\n  \n  deleteChat: (chatId) =>\n    set((state) => ({\n      chats: state.chats.filter((chat) => chat.id !== chatId),\n      selectedChatId: state.selectedChatId === chatId ? null : state.selectedChatId,\n    })),\n}));\n\n"
    },
    {
      "path": "https://raw.githubusercontent.com/ln-dev7/square-ui/master/templates/chat/mock-data/chats.ts",
      "type": "registry:file",
      "target": "mock-data/chats.ts",
      "content": "export interface Message {\n  id: string;\n  role: \"user\" | \"assistant\";\n  content: string;\n  timestamp: Date;\n}\n\nexport interface Chat {\n  id: string;\n  title: string;\n  icon: string;\n  messages: Message[];\n  createdAt: Date;\n  updatedAt: Date;\n  isArchived: boolean;\n}\n\nexport const mockChats: Chat[] = [\n  {\n    id: \"1\",\n    title: \"Instant Decision Support LLM Outputs\",\n    icon: \"zap\",\n    messages: [],\n    createdAt: new Date(\"2024-01-15\"),\n    updatedAt: new Date(\"2024-01-15\"),\n    isArchived: false,\n  },\n  {\n    id: \"2\",\n    title: \"Continuous Workflow Optimization LLM Responses\",\n    icon: \"message-circle-dashed\",\n    messages: [],\n    createdAt: new Date(\"2024-01-14\"),\n    updatedAt: new Date(\"2024-01-14\"),\n    isArchived: false,\n  },\n  {\n    id: \"3\",\n    title: \"Innovative Task Planning LLM Creations\",\n    icon: \"wand-sparkles\",\n    messages: [],\n    createdAt: new Date(\"2024-01-13\"),\n    updatedAt: new Date(\"2024-01-13\"),\n    isArchived: false,\n  },\n  {\n    id: \"4\",\n    title: \"Dynamic Progress Tracking LLM Insights\",\n    icon: \"message-circle-dashed\",\n    messages: [],\n    createdAt: new Date(\"2024-01-12\"),\n    updatedAt: new Date(\"2024-01-12\"),\n    isArchived: false,\n  },\n  {\n    id: \"5\",\n    title: \"Structured Resource Allocation LLM Solutions\",\n    icon: \"box\",\n    messages: [],\n    createdAt: new Date(\"2024-01-11\"),\n    updatedAt: new Date(\"2024-01-11\"),\n    isArchived: true,\n  },\n  {\n    id: \"6\",\n    title: \"Multi-Dimensional Risk Analysis LLM Reports\",\n    icon: \"wand-sparkles\",\n    messages: [],\n    createdAt: new Date(\"2024-01-10\"),\n    updatedAt: new Date(\"2024-01-10\"),\n    isArchived: true,\n  },\n  {\n    id: \"7\",\n    title: \"Rapid Team Coordination LLM Updates\",\n    icon: \"box\",\n    messages: [],\n    createdAt: new Date(\"2024-01-09\"),\n    updatedAt: new Date(\"2024-01-09\"),\n    isArchived: true,\n  },\n  {\n    id: \"8\",\n    title: \"Precision Project Evaluation LLM Summaries\",\n    icon: \"zap\",\n    messages: [],\n    createdAt: new Date(\"2024-01-08\"),\n    updatedAt: new Date(\"2024-01-08\"),\n    isArchived: true,\n  },\n];\n\n"
    },
    {
      "path": "https://raw.githubusercontent.com/ln-dev7/square-ui/master/templates/chat/hooks/use-mobile.ts",
      "type": "registry:hook",
      "target": "hooks/use-mobile.ts",
      "content": "import * as React from \"react\"\n\nconst MOBILE_BREAKPOINT = 768\n\nexport function useIsMobile() {\n  const [isMobile, setIsMobile] = React.useState<boolean | undefined>(undefined)\n\n  React.useEffect(() => {\n    const mql = window.matchMedia(`(max-width: ${MOBILE_BREAKPOINT - 1}px)`)\n    const onChange = () => {\n      setIsMobile(window.innerWidth < MOBILE_BREAKPOINT)\n    }\n    mql.addEventListener(\"change\", onChange)\n    setIsMobile(window.innerWidth < MOBILE_BREAKPOINT)\n    return () => mql.removeEventListener(\"change\", onChange)\n  }, [])\n\n  return isMobile\n}\n\n"
    },
    {
      "path": "https://raw.githubusercontent.com/ln-dev7/square-ui/master/templates/chat/lib/utils.ts",
      "type": "registry:lib",
      "target": "lib/utils.ts",
      "content": "import { clsx, type ClassValue } from \"clsx\"\nimport { twMerge } from \"tailwind-merge\"\n\nexport function cn(...inputs: ClassValue[]) {\n  return twMerge(clsx(inputs))\n}\n"
    },
    {
      "path": "https://raw.githubusercontent.com/ln-dev7/square-ui/master/templates/chat/components/theme-provider.tsx",
      "type": "registry:component",
      "target": "components/theme-provider.tsx",
      "content": "\"use client\";\n\nimport * as React from \"react\";\nimport { ThemeProvider as NextThemesProvider } from \"next-themes\";\n\nexport function ThemeProvider({\n  children,\n  ...props\n}: React.ComponentProps<typeof NextThemesProvider>) {\n  return <NextThemesProvider {... props}>{children}</NextThemesProvider>;\n}\n\n"
    },
    {
      "path": "https://raw.githubusercontent.com/ln-dev7/square-ui/master/templates/chat/components/theme-toggle.tsx",
      "type": "registry:component",
      "target": "components/theme-toggle.tsx",
      "content": "\"use client\";\n\nimport * as React from \"react\";\nimport { MoonIcon, SunIcon } from \"lucide-react\";\nimport { useTheme } from \"next-themes\";\n\nimport { Button } from \"@/components/ui/button\";\n\nexport function ThemeToggle() {\n  const { setTheme, theme } = useTheme();\n\n  return (\n    <Button\n      variant=\"ghost\"\n      size=\"icon-sm\"\n      onClick={() => setTheme(theme === \"light\" ? \"dark\" : \"light\")}\n    >\n      <SunIcon className=\"size-4 rotate-0 scale-100 transition-all dark:-rotate-90 dark:scale-0\" />\n      <MoonIcon className=\"absolute size-4 rotate-90 scale-0 transition-all dark:rotate-0 dark:scale-100\" />\n      <span className=\"sr-only\">Toggle theme</span>\n    </Button>\n  );\n}\n\n"
    }
  ]
}
