{
  "$schema": "https://ui.shadcn.com/schema/registry-item.json",
  "name": "chat-input-box",
  "type": "registry:component",
  "title": "Chat Input Box",
  "description": "Chat input component with AI model selection, deep search, and file attachment options.",
  "registryDependencies": [
    "button",
    "textarea",
    "dropdown-menu"
  ],
  "dependencies": [
    "@radix-ui/react-dropdown-menu",
    "lucide-react"
  ],
  "files": [
    {
      "path": "https://raw.githubusercontent.com/ln-dev7/square-ui/master/templates/chat/components/chat/chat-input-box.tsx",
      "type": "registry:component",
      "target": "components/chat-input-box.tsx",
      "content": "import {\n  PaperclipIcon,\n  CircleDashedIcon,\n  SparklesIcon,\n  ChevronDownIcon,\n  CheckIcon,\n} from \"lucide-react\";\nimport { Button } from \"@/components/ui/button\";\nimport { Textarea } from \"@/components/ui/textarea\";\nimport { Logo } from \"@/components/ui/logo\";\nimport {\n  DropdownMenu,\n  DropdownMenuContent,\n  DropdownMenuItem,\n  DropdownMenuTrigger,\n} from \"@/components/ui/dropdown-menu\";\n\nconst aiModels = [\n  { id: \"square-3\", label: \"Square AI 3.0\", icon: SparklesIcon },\n  { id: \"square-turbo\", label: \"Square AI Turbo\", icon: SparklesIcon },\n  { id: \"square-pro\", label: \"Square AI Pro\", icon: SparklesIcon },\n  { id: \"square-ultra\", label: \"Square AI Ultra\", icon: SparklesIcon },\n];\n\ninterface ChatInputBoxProps {\n  message: string;\n  onMessageChange: (value: string) => void;\n  onSend: () => void;\n  selectedModel: string;\n  onModelChange: (modelId: string) => void;\n  showTools?: boolean;\n  placeholder?: string;\n}\n\nexport function ChatInputBox({\n  message,\n  onMessageChange,\n  onSend,\n  selectedModel,\n  onModelChange,\n  showTools = true,\n  placeholder = \"Ask anything...\",\n}: ChatInputBoxProps) {\n  return (\n    <div className=\"rounded-2xl border border-border bg-secondary dark:bg-card p-1\">\n      <div className=\"rounded-xl border border-border dark:border-transparent bg-card dark:bg-secondary\">\n        <Textarea\n          placeholder={placeholder}\n          value={message}\n          onChange={(e) => onMessageChange(e.target.value)}\n          className=\"min-h-[120px] resize-none border-0 bg-transparent px-4 py-3 text-base placeholder:text-muted-foreground/60 focus-visible:ring-0 focus-visible:ring-offset-0\"\n          onKeyDown={(e) => {\n            if (e.key === \"Enter\" && !e.shiftKey) {\n              e.preventDefault();\n              onSend();\n            }\n          }}\n        />\n\n        <div className=\"flex items-center justify-between px-4 py-3 border-t border-border/50\">\n          <div className=\"flex items-center gap-2\">\n            <Button\n              variant=\"ghost\"\n              size=\"icon-sm\"\n              className=\"size-7 rounded-full border border-border dark:border-input bg-card dark:bg-secondary hover:bg-accent\"\n            >\n              <PaperclipIcon className=\"size-4 text-muted-foreground\" />\n            </Button>\n            {showTools && (\n              <>\n                <Button\n                  variant=\"ghost\"\n                  size=\"sm\"\n                  className=\"gap-1.5 h-7 rounded-full border border-border dark:border-input bg-card dark:bg-secondary hover:bg-accent px-3\"\n                >\n                  <CircleDashedIcon className=\"size-4 text-muted-foreground\" />\n                  <span className=\"hidden sm:inline text-sm text-muted-foreground/70\">\n                    Deep Search\n                  </span>\n                </Button>\n                <Button\n                  variant=\"ghost\"\n                  size=\"sm\"\n                  className=\"gap-1.5 h-7 rounded-full border border-border dark:border-input bg-card dark:bg-secondary hover:bg-accent px-3\"\n                >\n                  <SparklesIcon className=\"size-4 text-muted-foreground\" />\n                  <span className=\"hidden sm:inline text-sm text-muted-foreground/70\">\n                    Think\n                  </span>\n                </Button>\n              </>\n            )}\n          </div>\n\n          {showTools ? (\n            <DropdownMenu>\n              <DropdownMenuTrigger asChild>\n                <Button\n                  variant=\"ghost\"\n                  size=\"sm\"\n                  className=\"gap-2 h-5 px-0 hover:bg-transparent\"\n                >\n                  <Logo className=\"size-6\" />\n                  <span className=\"hidden sm:inline text-sm text-foreground dark:text-muted-foreground\">\n                    {aiModels.find((m) => m.id === selectedModel)?.label}\n                  </span>\n                  <ChevronDownIcon className=\"size-4 text-foreground dark:text-muted-foreground\" />\n                </Button>\n              </DropdownMenuTrigger>\n              <DropdownMenuContent align=\"end\" className=\"w-56\">\n                {aiModels.map((model) => {\n                  const ModelIcon = model.icon;\n                  const isSelected = selectedModel === model.id;\n                  return (\n                    <DropdownMenuItem\n                      key={model.id}\n                      onClick={() => onModelChange(model.id)}\n                      className=\"gap-2\"\n                    >\n                      <ModelIcon className=\"size-4\" />\n                      <span className=\"flex-1\">{model.label}</span>\n                      {isSelected && <CheckIcon className=\"size-4\" />}\n                    </DropdownMenuItem>\n                  );\n                })}\n              </DropdownMenuContent>\n            </DropdownMenu>\n          ) : (\n            <Button\n              size=\"sm\"\n              onClick={onSend}\n              className=\"h-7 px-4\"\n            >\n              Send\n            </Button>\n          )}\n        </div>\n      </div>\n    </div>\n  );\n}\n\n"
    }
  ]
}
