{
  "$schema": "https://ui.shadcn.com/schema/registry-item.json",
  "name": "chat-sidebar",
  "type": "registry:component",
  "title": "Chat Sidebar",
  "description": "Chat sidebar component with navigation, recent and archived conversations, and team selection.",
  "registryDependencies": [
    "button",
    "input",
    "separator",
    "dropdown-menu"
  ],
  "dependencies": [
    "@radix-ui/react-dropdown-menu",
    "@radix-ui/react-separator",
    "lucide-react",
    "zustand"
  ],
  "files": [
    {
      "path": "https://raw.githubusercontent.com/ln-dev7/square-ui/master/templates/chat/components/chat/chat-sidebar.tsx",
      "type": "registry:component",
      "target": "components/chat-sidebar.tsx",
      "content": "\"use client\";\n\nimport { useState } from \"react\";\nimport {\n  SearchIcon,\n  HomeIcon,\n  SparklesIcon,\n  FileStackIcon,\n  Layers3Icon,\n  FolderClosedIcon,\n  ZapIcon,\n  MessageCircleDashedIcon,\n  WandSparklesIcon,\n  BoxIcon,\n  ChevronDownIcon,\n  UsersIcon,\n  BriefcaseIcon,\n  GraduationCapIcon,\n  CheckIcon,\n  MoreVerticalIcon,\n  Share2Icon,\n  PencilIcon,\n  ArchiveIcon,\n  ArchiveRestoreIcon,\n  Trash2Icon,\n} from \"lucide-react\";\nimport { Button } from \"@/components/ui/button\";\nimport { Input } from \"@/components/ui/input\";\nimport { Separator } from \"@/components/ui/separator\";\nimport { Logo } from \"@/components/ui/logo\";\nimport { useChatStore } from \"@/store/chat-store\";\nimport { cn } from \"@/lib/utils\";\nimport Image from \"next/image\";\nimport {\n  DropdownMenu,\n  DropdownMenuContent,\n  DropdownMenuItem,\n  DropdownMenuTrigger,\n  DropdownMenuSeparator,\n} from \"@/components/ui/dropdown-menu\";\nimport Link from \"next/link\";\n\nconst iconMap = {\n  zap: ZapIcon,\n  \"message-circle-dashed\": MessageCircleDashedIcon,\n  \"wand-sparkles\": WandSparklesIcon,\n  box: BoxIcon,\n};\n\nconst teams = [\n  { id: \"personal\", name: \"Personal\", icon: UsersIcon },\n  { id: \"work\", name: \"Work Team\", icon: BriefcaseIcon },\n  { id: \"education\", name: \"Education\", icon: GraduationCapIcon },\n];\n\nexport function ChatSidebar() {\n  const {\n    chats,\n    selectedChatId,\n    selectChat,\n    archiveChat,\n    unarchiveChat,\n    deleteChat,\n  } = useChatStore();\n  const [selectedTeam, setSelectedTeam] = useState(\"personal\");\n\n  const recentChats = chats.filter((chat) => !chat.isArchived);\n  const archivedChats = chats.filter((chat) => chat.isArchived);\n\n  return (\n    <div className=\"flex h-full w-full flex-col bg-sidebar border-r border-sidebar-border\">\n      <div className=\"flex items-center justify-between p-3 border-b border-sidebar-border\">\n        <DropdownMenu>\n          <DropdownMenuTrigger asChild>\n            <Button\n              variant=\"ghost\"\n              className=\"w-full justify-start gap-2.5 px-2 h-10\"\n            >\n              <Logo className=\"size-6\" />\n              <span className=\"font-semibold text-sm\">Square AI</span>\n              <div className=\"ml-auto flex items-center gap-1.5\">\n                <Image\n                  src=\"/ln.png\"\n                  alt=\"lndev.me\"\n                  className=\"size-5 object-cover rounded-full\"\n                  width={20}\n                  height={20}\n                />\n                <ChevronDownIcon className=\"size-3\" />\n              </div>\n            </Button>\n          </DropdownMenuTrigger>\n          <DropdownMenuContent align=\"start\" className=\"w-64\">\n            {teams.map((team) => {\n              const TeamIcon = team.icon;\n              const isSelected = selectedTeam === team.id;\n              return (\n                <DropdownMenuItem\n                  key={team.id}\n                  onClick={() => setSelectedTeam(team.id)}\n                  className=\"gap-2\"\n                >\n                  <TeamIcon className=\"size-4\" />\n                  <span className=\"flex-1\">{team.name}</span>\n                  {isSelected && <CheckIcon className=\"size-4\" />}\n                </DropdownMenuItem>\n              );\n            })}\n            <DropdownMenuSeparator />\n            <DropdownMenuItem className=\"gap-2\">\n              <Image\n                src=\"/ln.png\"\n                alt=\"lndev.me\"\n                className=\"size-4 object-cover rounded-full\"\n                width={16}\n                height={16}\n              />\n              <span>lndev.me</span>\n            </DropdownMenuItem>\n          </DropdownMenuContent>\n        </DropdownMenu>\n      </div>\n\n      <div className=\"p-3\">\n        <div className=\"relative flex items-center\">\n          <SearchIcon className=\"absolute left-3 size-4 text-muted-foreground\" />\n          <Input\n            placeholder=\"Search anything\"\n            className=\"pl-9 pr-10 h-[34px] bg-muted/50\"\n          />\n          <div className=\"absolute right-2 flex items-center justify-center size-5 rounded bg-muted text-xs text-muted-foreground\">\n            /\n          </div>\n        </div>\n      </div>\n\n      <div className=\"p-3 space-y-1\">\n        <Button variant=\"ghost\" className=\"w-full justify-start gap-2 px-2\">\n          <HomeIcon className=\"size-4\" />\n          <span className=\"text-sm\">Home</span>\n        </Button>\n        <Button variant=\"ghost\" className=\"w-full justify-start gap-2 px-2\">\n          <SparklesIcon className=\"size-4\" />\n          <span className=\"text-sm\">Ask AI</span>\n        </Button>\n        <Button variant=\"ghost\" className=\"w-full justify-start gap-2 px-2\">\n          <FileStackIcon className=\"size-4\" />\n          <span className=\"text-sm\">Prompt Library</span>\n        </Button>\n        <Button variant=\"ghost\" className=\"w-full justify-start gap-2 px-2\">\n          <Layers3Icon className=\"size-4\" />\n          <span className=\"text-sm\">Extension</span>\n        </Button>\n        <Button variant=\"ghost\" className=\"w-full justify-start gap-2 px-2\">\n          <FolderClosedIcon className=\"size-4\" />\n          <span className=\"text-sm\">Folders</span>\n        </Button>\n      </div>\n\n      <Separator />\n\n      <div className=\"flex-1 overflow-y-auto no-scrollbar\">\n        <div className=\"p-3 space-y-4\">\n          <div className=\"space-y-1\">\n            <div className=\"px-2 py-1.5\">\n              <p className=\"text-xs font-medium text-muted-foreground uppercase tracking-wider\">\n                Recent\n              </p>\n            </div>\n            {recentChats.map((chat) => {\n              const Icon =\n                iconMap[chat.icon as keyof typeof iconMap] ||\n                MessageCircleDashedIcon;\n              const isActive = selectedChatId === chat.id;\n              return (\n                <div\n                  key={chat.id}\n                  className={cn(\n                    \"group/item relative flex items-center rounded-md overflow-hidden\",\n                    isActive && \"bg-sidebar-accent\"\n                  )}\n                >\n                  <Button\n                    variant=\"ghost\"\n                    className={cn(\n                      \"flex-1 justify-start gap-2 px-2 text-left h-auto py-1.5 min-w-0 pr-8\",\n                      isActive ? \"hover:bg-sidebar-accent\" : \"hover:bg-accent\"\n                    )}\n                    onClick={() => selectChat(chat.id)}\n                  >\n                    <Icon className=\"size-4 shrink-0\" />\n                    <span className=\"text-sm truncate min-w-0\">\n                      {chat.title}\n                    </span>\n                  </Button>\n                  <DropdownMenu>\n                    <DropdownMenuTrigger asChild>\n                      <Button\n                        variant=\"secondary\"\n                        size=\"icon-sm\"\n                        className=\"absolute right-1 size-7 opacity-0 group-hover/item:opacity-100 data-[state=open]:opacity-100 transition-opacity\"\n                      >\n                        <MoreVerticalIcon className=\"size-4\" />\n                        <span className=\"sr-only\">More</span>\n                      </Button>\n                    </DropdownMenuTrigger>\n                    <DropdownMenuContent\n                      className=\"w-48\"\n                      side=\"right\"\n                      align=\"start\"\n                    >\n                      <DropdownMenuItem>\n                        <Share2Icon className=\"size-4 text-muted-foreground\" />\n                        <span>Share</span>\n                      </DropdownMenuItem>\n                      <DropdownMenuItem>\n                        <PencilIcon className=\"size-4 text-muted-foreground\" />\n                        <span>Rename</span>\n                      </DropdownMenuItem>\n                      <DropdownMenuItem onClick={() => archiveChat(chat.id)}>\n                        <ArchiveIcon className=\"size-4 text-muted-foreground\" />\n                        <span>Archive</span>\n                      </DropdownMenuItem>\n                      <DropdownMenuSeparator />\n                      <DropdownMenuItem\n                        variant=\"destructive\"\n                        onClick={() => deleteChat(chat.id)}\n                      >\n                        <Trash2Icon className=\"size-4\" />\n                        <span>Delete</span>\n                      </DropdownMenuItem>\n                    </DropdownMenuContent>\n                  </DropdownMenu>\n                </div>\n              );\n            })}\n          </div>\n\n          <div className=\"space-y-1\">\n            <div className=\"px-2 py-1.5\">\n              <p className=\"text-xs font-medium text-muted-foreground uppercase tracking-wider\">\n                Archived\n              </p>\n            </div>\n            {archivedChats.map((chat) => {\n              const Icon =\n                iconMap[chat.icon as keyof typeof iconMap] ||\n                MessageCircleDashedIcon;\n              const isActive = selectedChatId === chat.id;\n              return (\n                <div\n                  key={chat.id}\n                  className={cn(\n                    \"group/item relative flex items-center rounded-md overflow-hidden\",\n                    isActive && \"bg-sidebar-accent\"\n                  )}\n                >\n                  <Button\n                    variant=\"ghost\"\n                    className={cn(\n                      \"flex-1 justify-start gap-2 px-2 text-left h-auto py-1.5 min-w-0 pr-8\",\n                      isActive ? \"hover:bg-sidebar-accent\" : \"hover:bg-accent\"\n                    )}\n                    onClick={() => selectChat(chat.id)}\n                  >\n                    <Icon className=\"size-4 shrink-0\" />\n                    <span className=\"text-sm truncate min-w-0\">\n                      {chat.title}\n                    </span>\n                  </Button>\n                  <DropdownMenu>\n                    <DropdownMenuTrigger asChild>\n                      <Button\n                        variant=\"secondary\"\n                        size=\"icon-sm\"\n                        className=\"absolute right-1 size-7 opacity-0 group-hover/item:opacity-100 data-[state=open]:opacity-100 transition-opacity\"\n                      >\n                        <MoreVerticalIcon className=\"size-4\" />\n                        <span className=\"sr-only\">More</span>\n                      </Button>\n                    </DropdownMenuTrigger>\n                    <DropdownMenuContent\n                      className=\"w-48\"\n                      side=\"right\"\n                      align=\"start\"\n                    >\n                      <DropdownMenuItem>\n                        <Share2Icon className=\"size-4 text-muted-foreground\" />\n                        <span>Share</span>\n                      </DropdownMenuItem>\n                      <DropdownMenuItem>\n                        <PencilIcon className=\"size-4 text-muted-foreground\" />\n                        <span>Rename</span>\n                      </DropdownMenuItem>\n                      <DropdownMenuItem onClick={() => unarchiveChat(chat.id)}>\n                        <ArchiveRestoreIcon className=\"size-4 text-muted-foreground\" />\n                        <span>Unarchive</span>\n                      </DropdownMenuItem>\n                      <DropdownMenuSeparator />\n                      <DropdownMenuItem\n                        variant=\"destructive\"\n                        onClick={() => deleteChat(chat.id)}\n                      >\n                        <Trash2Icon className=\"size-4\" />\n                        <span>Delete</span>\n                      </DropdownMenuItem>\n                    </DropdownMenuContent>\n                  </DropdownMenu>\n                </div>\n              );\n            })}\n          </div>\n        </div>\n      </div>\n\n      <div className=\"p-5 border-t border-sidebar-border\">\n        <div className=\"rounded-lg bg-linear-to-br from-purple-500/10 via-blue-500/10 to-pink-500/10 p-3.5 space-y-3\">\n          <div className=\"space-y-1\">\n            <div className=\"flex items-center gap-2\">\n              <WandSparklesIcon className=\"size-4\" />\n              <span className=\"text-sm font-semibold\">Square UI</span>\n            </div>\n            <p className=\"text-xs text-muted-foreground leading-tight\">\n              Collection of beautifully crafted open-source layouts UI built\n              with shadcn/ui.\n            </p>\n          </div>\n          <Button\n            size=\"sm\"\n            className=\"relative w-fit h-[30px] px-3 overflow-hidden bg-white text-black hover:bg-white/90 shadow-[0px_1px_2px_0px_rgba(8,8,8,0.2),0px_4px_4px_0px_rgba(8,8,8,0.08),inset_0px_1px_1px_0px_rgba(255,255,255,0.2),inset_0px_6px_12px_0px_rgba(255,255,255,0.12)]\"\n            asChild\n          >\n            <Link\n              href=\"https://square.lndev.me\"\n              target=\"_blank\"\n              rel=\"noopener noreferrer\"\n            >\n              <div className=\"absolute inset-0 bg-[radial-gradient(ellipse_at_top_right,rgba(205,175,250,1),transparent_50%),radial-gradient(ellipse_at_bottom_right,rgba(129,169,248,1),transparent_50%),radial-gradient(ellipse_at_top_left,rgba(247,203,191,1),transparent_50%),radial-gradient(ellipse_at_bottom_left,rgba(164,252,245,1),transparent_50%)]\" />\n              <span className=\"relative z-10 font-medium text-xs\">\n                square.lndev.me\n              </span>\n            </Link>\n          </Button>\n        </div>\n      </div>\n    </div>\n  );\n}\n"
    }
  ]
}
