{
  "$schema": "https://ui.shadcn.com/schema/registry-item.json",
  "name": "emails-vertical-sidebar",
  "type": "registry:component",
  "title": "Emails Vertical Sidebar",
  "description": "Vertical sidebar navigation for desktop email interface with folders and labels.",
  "registryDependencies": [],
  "dependencies": [
    "@radix-ui/react-separator",
    "@radix-ui/react-tooltip",
    "lucide-react"
  ],
  "files": [
    {
      "path": "https://raw.githubusercontent.com/ln-dev7/square-ui/master/templates/emails/components/emails/emails-vertical-sidebar.tsx",
      "type": "registry:component",
      "target": "components/emails-vertical-sidebar.tsx",
      "content": "\"use client\";\n\nimport {\n  SparklesIcon,\n  GalleryVerticalEndIcon,\n  MailIcon,\n  FolderClosedIcon,\n  AudioLinesIcon,\n  GitForkIcon,\n  FilesIcon,\n  ShieldIcon,\n  UnplugIcon,\n  LifeBuoyIcon,\n} from \"lucide-react\";\nimport { Avatar, AvatarImage, AvatarFallback } from \"@/components/ui/avatar\";\nimport { Button } from \"@/components/ui/button\";\nimport {\n  Tooltip,\n  TooltipContent,\n  TooltipTrigger,\n} from \"@/components/ui/tooltip\";\nimport { cn } from \"@/lib/utils\";\n\ninterface EmailsVerticalSidebarProps {\n  onItemClick?: () => void;\n}\n\nexport function EmailsVerticalSidebar({\n  onItemClick,\n}: EmailsVerticalSidebarProps = {}) {\n  const topIcons = [\n    { icon: SparklesIcon, label: \"Sparkles\", active: false },\n    { icon: GalleryVerticalEndIcon, label: \"Gallery\", active: false },\n    { icon: MailIcon, label: \"Mail\", active: true },\n    { icon: FolderClosedIcon, label: \"Folders\", active: false },\n    { icon: AudioLinesIcon, label: \"Audio\", active: false },\n    { icon: GitForkIcon, label: \"Git\", active: false },\n    { icon: FilesIcon, label: \"Files\", active: false },\n  ];\n\n  const bottomIcons = [\n    { icon: ShieldIcon, label: \"Shield\" },\n    { icon: UnplugIcon, label: \"Unplug\" },\n    { icon: LifeBuoyIcon, label: \"Help\" },\n  ];\n\n  return (\n    <div className=\"flex h-screen w-14 flex-col items-center gap-4 border-r border-border bg-background py-4\">\n      <Button\n        variant=\"default\"\n        size=\"icon-sm\"\n        className=\"relative mb-2 size-8 overflow-hidden rounded-lg bg-linear-to-br from-white via-purple-200 to-blue-200 hover:opacity-90\"\n      >\n        <div className=\"absolute inset-0 bg-[radial-gradient(ellipse_at_top_right,rgba(205,175,250,1),transparent_50%),radial-gradient(ellipse_at_bottom_right,rgba(129,169,248,1),transparent_50%),radial-gradient(ellipse_at_top_left,rgba(247,203,191,1),transparent_50%),radial-gradient(ellipse_at_bottom_left,rgba(164,252,245,1),transparent_50%)]\" />\n        <svg className=\"relative size-4\" viewBox=\"0 0 16 16\" fill=\"none\">\n          <path\n            d=\"M8 2L2 8L8 14\"\n            stroke=\"black\"\n            strokeWidth=\"2\"\n            strokeLinecap=\"round\"\n            strokeLinejoin=\"round\"\n          />\n          <path\n            d=\"M8 2L14 8L8 14\"\n            stroke=\"black\"\n            strokeWidth=\"2\"\n            strokeLinecap=\"round\"\n            strokeLinejoin=\"round\"\n          />\n        </svg>\n      </Button>\n\n      <div className=\"flex flex-col gap-2\">\n        {topIcons.map((item) => (\n          <Tooltip key={item.label}>\n            <TooltipTrigger asChild>\n              <Button\n                variant=\"ghost\"\n                size=\"icon-sm\"\n                onClick={onItemClick}\n                className={cn(\n                  \"size-8\",\n                  item.active && \"bg-muted text-foreground hover:bg-muted\"\n                )}\n              >\n                <item.icon className=\"size-4\" />\n              </Button>\n            </TooltipTrigger>\n            <TooltipContent side=\"right\">{item.label}</TooltipContent>\n          </Tooltip>\n        ))}\n      </div>\n\n      <div className=\"flex-1\" />\n\n      <div className=\"flex flex-col gap-2\">\n        {bottomIcons.map((item) => (\n          <Tooltip key={item.label}>\n            <TooltipTrigger asChild>\n              <Button\n                variant=\"ghost\"\n                size=\"icon-sm\"\n                onClick={onItemClick}\n                className=\"size-8 text-muted-foreground\"\n              >\n                <item.icon className=\"size-4\" />\n              </Button>\n            </TooltipTrigger>\n            <TooltipContent side=\"right\">{item.label}</TooltipContent>\n          </Tooltip>\n        ))}\n      </div>\n\n      <Avatar className=\"size-8 cursor-pointer\">\n        <AvatarImage src=\"https://api.dicebear.com/9.x/glass/svg?seed=User\" />\n        <AvatarFallback>U</AvatarFallback>\n      </Avatar>\n    </div>\n  );\n}\n"
    }
  ]
}
