{
  "$schema": "https://ui.shadcn.com/schema/registry-item.json",
  "name": "email-list",
  "type": "registry:component",
  "title": "Email List",
  "description": "Email list component displaying inbox messages with sender info and preview.",
  "registryDependencies": [
    "avatar"
  ],
  "dependencies": [
    "@radix-ui/react-avatar",
    "date-fns",
    "zustand"
  ],
  "files": [
    {
      "path": "https://raw.githubusercontent.com/ln-dev7/square-ui/master/templates/emails/components/emails/email-list.tsx",
      "type": "registry:component",
      "target": "components/email-list.tsx",
      "content": "\"use client\";\n\nimport { format } from \"date-fns\";\nimport { useEmailsStore } from \"@/store/emails-store\";\nimport { Avatar, AvatarImage, AvatarFallback } from \"@/components/ui/avatar\";\nimport { VerifiedIcon } from \"@/components/ui/verified-icon\";\nimport { cn } from \"@/lib/utils\";\n\ninterface EmailListProps {\n  onEmailClick?: (emailId: string) => void;\n}\n\nexport function EmailList({ onEmailClick }: EmailListProps) {\n  const { emails, selectedEmailId, selectEmail } = useEmailsStore();\n\n  const handleEmailClick = (emailId: string) => {\n    selectEmail(emailId);\n    onEmailClick?.(emailId);\n  };\n\n  if (emails.length === 0) {\n    return (\n      <div className=\"flex h-full items-center justify-center bg-card\">\n        <div className=\"text-center text-muted-foreground\">\n          <p>No emails found</p>\n        </div>\n      </div>\n    );\n  }\n\n  return (\n    <div className=\"flex h-full flex-col overflow-hidden bg-card\">\n      <div className=\"flex items-center justify-between border-b border-border px-5 py-3\">\n        <div className=\"flex items-center gap-2\">\n          <div className=\"size-3.5 rounded border border-border\" />\n          <p className=\"text-sm font-medium text-foreground\">Inbox</p>\n        </div>\n      </div>\n\n      <div className=\"flex-1 overflow-y-auto\">\n        {emails.map((email, index) => {\n          const isSelected = selectedEmailId === email.id;\n          const isRead = email.read;\n\n          return (\n            <button\n              key={email.id}\n              onClick={() => handleEmailClick(email.id)}\n              className={cn(\n                \"flex w-full gap-2.5 border-b border-border p-4 text-left transition-colors hover:bg-muted/70\",\n                isSelected && \"bg-muted\",\n                !isRead && \"bg-muted/50\"\n              )}\n            >\n              <div className={cn(\"flex w-full gap-2.5\")}>\n                <Avatar className=\"mt-1.5 size-7 shrink-0\">\n                  <AvatarImage src={email.from.avatar} alt={email.from.name} />\n                  <AvatarFallback>{email.from.name.charAt(0)}</AvatarFallback>\n                </Avatar>\n\n                <div className=\"flex-1 overflow-hidden\">\n                  <div className=\"flex items-start justify-between gap-2.5\">\n                    <div className=\"flex-1 overflow-hidden\">\n                      <div className=\"flex items-center gap-1\">\n                        <p\n                          className={cn(\n                            \"truncate text-[14px] tracking-tight\",\n                            !isRead || isSelected\n                              ? \"font-medium text-foreground\"\n                              : \"text-foreground\"\n                          )}\n                        >\n                          {email.from.name}\n                        </p>\n                        {email.from.verified && (\n                          <VerifiedIcon className=\"size-4 shrink-0\" />\n                        )}\n                      </div>\n                      <p className=\"truncate text-[12px] tracking-tight text-[#38bdf8]\">\n                        {email.from.email}\n                      </p>\n                    </div>\n                    <p\n                      className={cn(\n                        \"shrink-0 text-[12px] tracking-tight\",\n                        !isRead\n                          ? \"font-medium text-foreground\"\n                          : \"text-foreground\"\n                      )}\n                    >\n                      {format(email.date, \"MMM dd\")}\n                    </p>\n                  </div>\n\n                  <div className=\"mt-1.5 space-y-0.5\">\n                    <p className=\"line-clamp-2 text-[12px] leading-relaxed tracking-tight text-foreground\">\n                      {email.body}\n                    </p>\n                  </div>\n                </div>\n              </div>\n            </button>\n          );\n        })}\n      </div>\n    </div>\n  );\n}\n"
    }
  ]
}
