{
  "$schema": "https://ui.shadcn.com/schema/registry-item.json",
  "name": "emails-header",
  "type": "registry:component",
  "title": "Emails Header",
  "description": "Header component for the email interface with search and settings.",
  "registryDependencies": [],
  "dependencies": [
    "@radix-ui/react-avatar",
    "@radix-ui/react-dropdown-menu",
    "lucide-react"
  ],
  "files": [
    {
      "path": "https://raw.githubusercontent.com/ln-dev7/square-ui/master/templates/emails/components/emails/emails-header.tsx",
      "type": "registry:component",
      "target": "components/emails-header.tsx",
      "content": "\"use client\";\n\nimport {\n  MailIcon,\n  Link2Icon,\n  WandSparklesIcon,\n  MoreVerticalIcon,\n  MenuIcon,\n  Github,\n} from \"lucide-react\";\nimport { Button } from \"@/components/ui/button\";\nimport { Avatar, AvatarImage, AvatarFallback } from \"@/components/ui/avatar\";\nimport { ThemeToggle } from \"@/components/theme-toggle\";\nimport {\n  DropdownMenu,\n  DropdownMenuContent,\n  DropdownMenuItem,\n  DropdownMenuSeparator,\n  DropdownMenuTrigger,\n} from \"@/components/ui/dropdown-menu\";\nimport { useEmailsStore } from \"@/store/emails-store\";\nimport Link from \"next/link\";\n\ninterface EmailsHeaderProps {\n  onMobileMenuClick?: () => void;\n}\n\nexport function EmailsHeader({ onMobileMenuClick }: EmailsHeaderProps) {\n  const { emails } = useEmailsStore();\n  return (\n    <div className=\"flex h-14 items-center justify-between border-b border-border bg-background px-3 md:px-6\">\n      <div className=\"flex flex-1 items-center gap-2 md:gap-4\">\n        <Button\n          variant=\"ghost\"\n          size=\"icon-sm\"\n          className=\"md:hidden\"\n          onClick={onMobileMenuClick}\n        >\n          <MenuIcon className=\"size-5\" />\n        </Button>\n\n        <div className=\"flex items-center gap-2 md:gap-2.5\">\n          <MailIcon className=\"size-4 text-foreground\" />\n          <p className=\"text-sm md:text-base font-normal tracking-tight text-foreground\">\n            Emails\n          </p>\n        </div>\n        <div className=\"hidden sm:flex items-center gap-2.5\">\n          <div className=\"size-1 rounded-full bg-muted-foreground/20\" />\n          <p className=\"text-sm md:text-base font-normal tracking-tight text-foreground\">\n            {emails.length} emails\n          </p>\n        </div>\n      </div>\n\n      <div className=\"hidden md:flex items-center gap-4\">\n        <div className=\"flex items-center gap-2\">\n          <p className=\"text-[13px] text-muted-foreground\">\n            Last update 3 days ago\n          </p>\n          <div className=\"flex items-center\">\n            {[1, 2, 3, 4].map((i) => (\n              <Avatar\n                key={i}\n                className=\"-ml-2 size-5 border-2 border-background first:ml-0\"\n              >\n                <AvatarImage\n                  src={`https://api.dicebear.com/9.x/glass/svg?seed=User${i}`}\n                />\n                <AvatarFallback>U{i}</AvatarFallback>\n              </Avatar>\n            ))}\n          </div>\n        </div>\n\n        <div className=\"flex items-center gap-2\">\n          <ThemeToggle />\n          <Button variant=\"secondary\" size=\"sm\" className=\"h-[30px]\" asChild>\n            <Link\n              href=\"https://github.com/ln-dev7/square-ui/tree/master/templates/emails\"\n              target=\"_blank\"\n              rel=\"noopener noreferrer\"\n            >\n              <Github />\n              GitHub\n            </Link>\n          </Button>\n          <Button\n            size=\"sm\"\n            className=\"relative h-[30px] overflow-hidden bg-linear-to-r from-white to-white hover:opacity-90\"\n          >\n            <div className=\"absolute inset-0 bg-[radial-gradient(ellipse_at_top_right,rgba(205,175,250,1),transparent_50%),radial-gradient(ellipse_at_bottom_right,rgba(129,169,248,1),transparent_50%),radial-gradient(ellipse_at_top_left,rgba(247,203,191,1),transparent_50%),radial-gradient(ellipse_at_bottom_left,rgba(164,252,245,1),transparent_50%)]\" />\n            <WandSparklesIcon className=\"relative size-4 text-black\" />\n            <span className=\"relative text-black\">Upgrade to Pro</span>\n          </Button>\n        </div>\n      </div>\n\n      <div className=\"flex md:hidden items-center gap-2\">\n        <Button variant=\"ghost\" size=\"icon-sm\" asChild>\n          <Link\n            href=\"https://github.com/ln-dev7/square-ui/tree/master/templates/emails\"\n            target=\"_blank\"\n            rel=\"noopener noreferrer\"\n          >\n            <Github className=\"size-4\" />\n          </Link>\n        </Button>\n\n        <ThemeToggle />\n\n        <DropdownMenu>\n          <DropdownMenuTrigger asChild>\n            <Button variant=\"ghost\" size=\"icon-sm\">\n              <MoreVerticalIcon className=\"size-4\" />\n            </Button>\n          </DropdownMenuTrigger>\n          <DropdownMenuContent align=\"end\" className=\"w-48\">\n            <DropdownMenuItem>\n              <Link2Icon className=\"size-4\" />\n              <span>Share</span>\n            </DropdownMenuItem>\n            <DropdownMenuSeparator />\n            <DropdownMenuItem>\n              <WandSparklesIcon className=\"size-4\" />\n              <span>Upgrade to Pro</span>\n            </DropdownMenuItem>\n            <DropdownMenuSeparator />\n            <div className=\"px-2 py-1.5\">\n              <p className=\"text-xs text-muted-foreground\">\n                {emails.length} emails\n              </p>\n              <p className=\"text-xs text-muted-foreground\">\n                Last update 3 days ago\n              </p>\n            </div>\n          </DropdownMenuContent>\n        </DropdownMenu>\n      </div>\n    </div>\n  );\n}\n"
    }
  ]
}
