{
  "$schema": "https://ui.shadcn.com/schema/registry-item.json",
  "name": "emails-vertical-sidebar-mobile",
  "type": "registry:component",
  "title": "Emails Vertical Sidebar Mobile",
  "description": "Mobile-optimized vertical sidebar for email interface.",
  "registryDependencies": [],
  "dependencies": [
    "@radix-ui/react-separator",
    "lucide-react"
  ],
  "files": [
    {
      "path": "https://raw.githubusercontent.com/ln-dev7/square-ui/master/templates/emails/components/emails/emails-vertical-sidebar-mobile.tsx",
      "type": "registry:component",
      "target": "components/emails-vertical-sidebar-mobile.tsx",
      "content": "\"use client\";\n\nimport {\n  SparklesIcon,\n  GalleryVerticalEndIcon,\n  MailIcon,\n  FolderClosedIcon,\n  AudioLinesIcon,\n  GitForkIcon,\n  FilesIcon,\n  ShieldIcon,\n  UnplugIcon,\n  LifeBuoyIcon,\n} from \"lucide-react\";\nimport { Avatar, AvatarImage, AvatarFallback } from \"@/components/ui/avatar\";\nimport { Button } from \"@/components/ui/button\";\nimport { cn } from \"@/lib/utils\";\n\ninterface EmailsVerticalSidebarMobileProps {\n  onItemClick?: () => void;\n}\n\nexport function EmailsVerticalSidebarMobile({\n  onItemClick,\n}: EmailsVerticalSidebarMobileProps = {}) {\n  const topItems = [\n    { icon: SparklesIcon, label: \"Sparkles\", active: false },\n    { icon: GalleryVerticalEndIcon, label: \"Gallery\", active: false },\n    { icon: MailIcon, label: \"Inbox\", active: true },\n    { icon: FolderClosedIcon, label: \"Drafts\", active: false },\n    { icon: AudioLinesIcon, label: \"Sent\", active: false },\n    { icon: GitForkIcon, label: \"Junk\", active: false },\n    { icon: FilesIcon, label: \"Trash\", active: false },\n  ];\n\n  const bottomItems = [\n    { icon: ShieldIcon, label: \"Security\" },\n    { icon: UnplugIcon, label: \"Disconnect\" },\n    { icon: LifeBuoyIcon, label: \"Help\" },\n  ];\n\n  return (\n    <div className=\"flex h-screen w-full flex-col items-start gap-4 border-r border-border bg-background py-4 px-3\">\n      <div className=\"flex items-center gap-2\">\n        <Button\n          variant=\"default\"\n          size=\"icon-sm\"\n          className=\"relative size-9 overflow-hidden rounded-lg bg-linear-to-br from-white via-purple-200 to-blue-200 hover:opacity-90\"\n        >\n          <div className=\"absolute inset-0 bg-[radial-gradient(ellipse_at_top_right,rgba(205,175,250,1),transparent_50%),radial-gradient(ellipse_at_bottom_right,rgba(129,169,248,1),transparent_50%),radial-gradient(ellipse_at_top_left,rgba(247,203,191,1),transparent_50%),radial-gradient(ellipse_at_bottom_left,rgba(164,252,245,1),transparent_50%)]\" />\n          <svg className=\"relative size-4\" viewBox=\"0 0 16 16\" fill=\"none\">\n            <path\n              d=\"M8 2L2 8L8 14\"\n              stroke=\"black\"\n              strokeWidth=\"2\"\n              strokeLinecap=\"round\"\n              strokeLinejoin=\"round\"\n            />\n            <path\n              d=\"M8 2L14 8L8 14\"\n              stroke=\"black\"\n              strokeWidth=\"2\"\n              strokeLinecap=\"round\"\n              strokeLinejoin=\"round\"\n            />\n          </svg>\n        </Button>\n        <div className=\"flex flex-col justify-center\">\n          <span className=\"text-sm font-semibold text-foreground\">Square UI</span>\n          <span className=\"text-xs text-muted-foreground\">lndev.me</span>\n        </div>\n      </div>\n\n      <div className=\"flex w-full flex-col gap-1\">\n        {topItems.map((item) => (\n          <Button\n            key={item.label}\n            variant=\"ghost\"\n            size=\"sm\"\n            onClick={onItemClick}\n            className={cn(\n              \"w-full justify-start gap-2 px-3\",\n              item.active && \"bg-muted text-foreground hover:bg-muted\"\n            )}\n          >\n            <item.icon className=\"size-4 shrink-0\" />\n            <span className=\"text-sm\">{item.label}</span>\n          </Button>\n        ))}\n      </div>\n\n      <div className=\"flex-1\" />\n\n      <div className=\"flex w-full flex-col gap-1\">\n        {bottomItems.map((item) => (\n          <Button\n            key={item.label}\n            variant=\"ghost\"\n            size=\"sm\"\n            onClick={onItemClick}\n            className=\"w-full justify-start gap-2 px-3 text-muted-foreground\"\n          >\n            <item.icon className=\"size-4 shrink-0\" />\n            <span className=\"text-sm\">{item.label}</span>\n          </Button>\n        ))}\n      </div>\n\n      <Button\n        variant=\"ghost\"\n        className=\"w-full justify-start gap-2 px-3 h-auto py-2\"\n      >\n        <Avatar className=\"size-8 rounded-lg shrink-0\">\n          <AvatarImage src=\"https://api.dicebear.com/9.x/glass/svg?seed=User\" />\n          <AvatarFallback>U</AvatarFallback>\n        </Avatar>\n        <div className=\"flex flex-col items-start text-left\">\n          <span className=\"text-xs font-medium text-foreground\">John Doe</span>\n          <span className=\"text-[10px] text-muted-foreground\">\n            john@example.com\n          </span>\n        </div>\n      </Button>\n    </div>\n  );\n}\n"
    }
  ]
}
