{
  "$schema": "https://ui.shadcn.com/schema/registry-item.json",
  "name": "emails-horizontal-nav",
  "type": "registry:component",
  "title": "Emails Horizontal Navigation",
  "description": "Horizontal navigation for email categories and filters.",
  "registryDependencies": [],
  "dependencies": [
    "lucide-react"
  ],
  "files": [
    {
      "path": "https://raw.githubusercontent.com/ln-dev7/square-ui/master/templates/emails/components/emails/emails-horizontal-nav.tsx",
      "type": "registry:component",
      "target": "components/emails-horizontal-nav.tsx",
      "content": "\"use client\";\n\nimport {\n  MailPlusIcon,\n  InboxIcon,\n  SendIcon,\n  FileSpreadsheetIcon,\n  StarIcon,\n  ArchiveIcon,\n  Trash2Icon,\n  FileWarningIcon,\n  AsteriskIcon,\n  MenuIcon,\n} from \"lucide-react\";\nimport { Button } from \"@/components/ui/button\";\nimport { Separator } from \"@/components/ui/separator\";\nimport { useEmailsStore } from \"@/store/emails-store\";\nimport { cn } from \"@/lib/utils\";\nimport {\n  DropdownMenu,\n  DropdownMenuContent,\n  DropdownMenuItem,\n  DropdownMenuSeparator,\n  DropdownMenuTrigger,\n} from \"@/components/ui/dropdown-menu\";\n\nexport function EmailsHorizontalNav() {\n  const { emails, currentFolder, setFolder } = useEmailsStore();\n\n  const mainFolders = [\n    {\n      id: \"inbox\",\n      label: \"Inbox\",\n      icon: InboxIcon,\n      count: emails.length.toString() as string | undefined,\n    },\n    { id: \"sent\", label: \"Sent items\", icon: SendIcon, count: undefined },\n    {\n      id: \"drafts\",\n      label: \"Drafts\",\n      icon: FileSpreadsheetIcon,\n      count: undefined,\n    },\n    { id: \"starred\", label: \"Favorites\", icon: StarIcon, count: undefined },\n    { id: \"archive\", label: \"Archive\", icon: ArchiveIcon, count: undefined },\n  ];\n\n  const additionalFolders = [\n    { id: \"deleted\", label: \"Deleted\", icon: Trash2Icon, count: undefined },\n    { id: \"spam\", label: \"Spam\", icon: FileWarningIcon, count: undefined },\n    { id: \"junk\", label: \"Junk\", icon: AsteriskIcon, count: undefined },\n  ];\n\n  const allFolders = [...mainFolders, ...additionalFolders];\n\n  return (\n    <div className=\"flex h-[54px] items-center border-b border-border bg-background px-3 md:px-4\">\n      <div className=\"flex items-center gap-2 md:gap-3 w-full\">\n        <Button\n          size=\"sm\"\n          className=\"relative h-[30px] shrink-0 overflow-hidden bg-linear-to-r from-white to-white hover:opacity-90\"\n        >\n          <div className=\"absolute inset-0 bg-[radial-gradient(ellipse_at_top_right,rgba(205,175,250,1),transparent_50%),radial-gradient(ellipse_at_bottom_right,rgba(129,169,248,1),transparent_50%),radial-gradient(ellipse_at_top_left,rgba(247,203,191,1),transparent_50%),radial-gradient(ellipse_at_bottom_left,rgba(164,252,245,1),transparent_50%)]\" />\n          <MailPlusIcon className=\"relative size-4 text-black\" />\n          <span className=\"relative hidden sm:inline text-black\">Compose</span>\n        </Button>\n\n        <Separator orientation=\"vertical\" className=\"h-5 hidden sm:block\" />\n\n        <div className=\"hidden 2xl:flex items-center gap-2.5 flex-1\">\n          {allFolders.map((folder) => {\n            const Icon = folder.icon;\n            const isActive = currentFolder === folder.id;\n\n            return (\n              <Button\n                key={folder.id}\n                variant=\"ghost\"\n                size=\"sm\"\n                onClick={() => setFolder(folder.id as any)}\n                className={cn(\n                  \"h-[30px] gap-1.5\",\n                  isActive && \"bg-muted text-foreground hover:bg-muted\"\n                )}\n              >\n                <Icon className=\"size-4\" />\n                <span className=\"text-[13px]\">{folder.label}</span>\n                {folder.count && isActive && (\n                  <span className=\"text-[12px]\">{folder.count}</span>\n                )}\n              </Button>\n            );\n          })}\n        </div>\n\n        <div className=\"hidden xl:flex 2xl:hidden items-center gap-2.5 flex-1\">\n          {mainFolders.map((folder) => {\n            const Icon = folder.icon;\n            const isActive = currentFolder === folder.id;\n\n            return (\n              <Button\n                key={folder.id}\n                variant=\"ghost\"\n                size=\"sm\"\n                onClick={() => setFolder(folder.id as any)}\n                className={cn(\n                  \"h-[30px] gap-1.5\",\n                  isActive && \"bg-muted text-foreground hover:bg-muted\"\n                )}\n              >\n                <Icon className=\"size-4\" />\n                <span className=\"text-[13px]\">{folder.label}</span>\n                {folder.count && isActive && (\n                  <span className=\"text-[12px]\">{folder.count}</span>\n                )}\n              </Button>\n            );\n          })}\n\n          <Separator orientation=\"vertical\" className=\"h-5\" />\n\n          <DropdownMenu>\n            <DropdownMenuTrigger asChild>\n              <Button variant=\"ghost\" size=\"sm\" className=\"h-[30px] gap-1.5\">\n                <MenuIcon className=\"size-4\" />\n                <span className=\"text-[13px]\">More</span>\n              </Button>\n            </DropdownMenuTrigger>\n            <DropdownMenuContent align=\"start\" className=\"w-48\">\n              {additionalFolders.map((folder) => {\n                const Icon = folder.icon;\n                const isActive = currentFolder === folder.id;\n\n                return (\n                  <DropdownMenuItem\n                    key={folder.id}\n                    onClick={() => setFolder(folder.id as any)}\n                    className={cn(isActive && \"bg-muted\")}\n                  >\n                    <Icon className=\"size-4\" />\n                    <span>{folder.label}</span>\n                  </DropdownMenuItem>\n                );\n              })}\n            </DropdownMenuContent>\n          </DropdownMenu>\n        </div>\n\n        <div className=\"hidden lg:flex xl:hidden items-center gap-2.5 flex-1\">\n          {mainFolders.slice(0, 3).map((folder) => {\n            const Icon = folder.icon;\n            const isActive = currentFolder === folder.id;\n\n            return (\n              <Button\n                key={folder.id}\n                variant=\"ghost\"\n                size=\"sm\"\n                onClick={() => setFolder(folder.id as any)}\n                className={cn(\n                  \"h-[30px] gap-1.5\",\n                  isActive && \"bg-muted text-foreground hover:bg-muted\"\n                )}\n              >\n                <Icon className=\"size-4\" />\n                <span className=\"text-[13px]\">{folder.label}</span>\n                {folder.count && isActive && (\n                  <span className=\"text-[12px]\">{folder.count}</span>\n                )}\n              </Button>\n            );\n          })}\n\n          <Separator orientation=\"vertical\" className=\"h-5\" />\n\n          <DropdownMenu>\n            <DropdownMenuTrigger asChild>\n              <Button variant=\"ghost\" size=\"sm\" className=\"h-[30px] gap-1.5\">\n                <MenuIcon className=\"size-4\" />\n                <span className=\"text-[13px]\">More</span>\n              </Button>\n            </DropdownMenuTrigger>\n            <DropdownMenuContent align=\"start\" className=\"w-48\">\n              {mainFolders.slice(3).map((folder) => {\n                const Icon = folder.icon;\n                const isActive = currentFolder === folder.id;\n\n                return (\n                  <DropdownMenuItem\n                    key={folder.id}\n                    onClick={() => setFolder(folder.id as any)}\n                    className={cn(isActive && \"bg-muted\")}\n                  >\n                    <Icon className=\"size-4\" />\n                    <span>{folder.label}</span>\n                  </DropdownMenuItem>\n                );\n              })}\n              <DropdownMenuSeparator />\n              {additionalFolders.map((folder) => {\n                const Icon = folder.icon;\n                const isActive = currentFolder === folder.id;\n\n                return (\n                  <DropdownMenuItem\n                    key={folder.id}\n                    onClick={() => setFolder(folder.id as any)}\n                    className={cn(isActive && \"bg-muted\")}\n                  >\n                    <Icon className=\"size-4\" />\n                    <span>{folder.label}</span>\n                  </DropdownMenuItem>\n                );\n              })}\n            </DropdownMenuContent>\n          </DropdownMenu>\n        </div>\n\n        <div className=\"hidden md:flex lg:hidden items-center gap-2 flex-1\">\n          {mainFolders.slice(0, 2).map((folder) => {\n            const Icon = folder.icon;\n            const isActive = currentFolder === folder.id;\n\n            return (\n              <Button\n                key={folder.id}\n                variant=\"ghost\"\n                size=\"sm\"\n                onClick={() => setFolder(folder.id as any)}\n                className={cn(\n                  \"h-[30px] gap-1.5\",\n                  isActive && \"bg-muted text-foreground hover:bg-muted\"\n                )}\n              >\n                <Icon className=\"size-4\" />\n                <span className=\"text-[13px]\">{folder.label}</span>\n              </Button>\n            );\n          })}\n\n          <Separator orientation=\"vertical\" className=\"h-5\" />\n\n          <DropdownMenu>\n            <DropdownMenuTrigger asChild>\n              <Button variant=\"ghost\" size=\"sm\" className=\"h-[30px] gap-1.5\">\n                <MenuIcon className=\"size-4\" />\n              </Button>\n            </DropdownMenuTrigger>\n            <DropdownMenuContent align=\"start\" className=\"w-48\">\n              {mainFolders.slice(2).map((folder) => {\n                const Icon = folder.icon;\n                const isActive = currentFolder === folder.id;\n\n                return (\n                  <DropdownMenuItem\n                    key={folder.id}\n                    onClick={() => setFolder(folder.id as any)}\n                    className={cn(isActive && \"bg-muted\")}\n                  >\n                    <Icon className=\"size-4\" />\n                    <span>{folder.label}</span>\n                    {folder.count && isActive && (\n                      <span className=\"ml-auto text-xs text-muted-foreground\">\n                        {folder.count}\n                      </span>\n                    )}\n                  </DropdownMenuItem>\n                );\n              })}\n              <DropdownMenuSeparator />\n              {additionalFolders.map((folder) => {\n                const Icon = folder.icon;\n                const isActive = currentFolder === folder.id;\n\n                return (\n                  <DropdownMenuItem\n                    key={folder.id}\n                    onClick={() => setFolder(folder.id as any)}\n                    className={cn(isActive && \"bg-muted\")}\n                  >\n                    <Icon className=\"size-4\" />\n                    <span>{folder.label}</span>\n                  </DropdownMenuItem>\n                );\n              })}\n            </DropdownMenuContent>\n          </DropdownMenu>\n        </div>\n\n        <div className=\"flex md:hidden items-center gap-2 flex-1\">\n          <DropdownMenu>\n            <DropdownMenuTrigger asChild>\n              <Button variant=\"ghost\" size=\"sm\" className=\"h-[30px] gap-1.5\">\n                <MenuIcon className=\"size-4\" />\n                <span className=\"text-[13px]\">Folders</span>\n              </Button>\n            </DropdownMenuTrigger>\n            <DropdownMenuContent align=\"start\" className=\"w-48\">\n              {mainFolders.map((folder) => {\n                const Icon = folder.icon;\n                const isActive = currentFolder === folder.id;\n\n                return (\n                  <DropdownMenuItem\n                    key={folder.id}\n                    onClick={() => setFolder(folder.id as any)}\n                    className={cn(isActive && \"bg-muted\")}\n                  >\n                    <Icon className=\"size-4\" />\n                    <span>{folder.label}</span>\n                    {folder.count && isActive && (\n                      <span className=\"ml-auto text-xs text-muted-foreground\">\n                        {folder.count}\n                      </span>\n                    )}\n                  </DropdownMenuItem>\n                );\n              })}\n              <DropdownMenuSeparator />\n              {additionalFolders.map((folder) => {\n                const Icon = folder.icon;\n                const isActive = currentFolder === folder.id;\n\n                return (\n                  <DropdownMenuItem\n                    key={folder.id}\n                    onClick={() => setFolder(folder.id as any)}\n                    className={cn(isActive && \"bg-muted\")}\n                  >\n                    <Icon className=\"size-4\" />\n                    <span>{folder.label}</span>\n                  </DropdownMenuItem>\n                );\n              })}\n            </DropdownMenuContent>\n          </DropdownMenu>\n        </div>\n      </div>\n    </div>\n  );\n}\n"
    }
  ]
}
