{
  "$schema": "https://ui.shadcn.com/schema/registry-item.json",
  "name": "task-sidebar",
  "type": "registry:component",
  "title": "Task Sidebar",
  "description": "Sidebar navigation for task management with projects and team sections.",
  "registryDependencies": [],
  "dependencies": [
    "@radix-ui/react-avatar",
    "@radix-ui/react-separator",
    "lucide-react"
  ],
  "files": [
    {
      "path": "https://raw.githubusercontent.com/ln-dev7/square-ui/master/templates/task-management/components/task/sidebar/task-sidebar.tsx",
      "type": "registry:component",
      "target": "components/task-sidebar.tsx",
      "content": "\"use client\";\n\nimport {\n  Bell,\n  LayoutGrid,\n  Circle,\n  Star,\n  FileCheck,\n  FileText,\n  Calendar,\n  Users,\n  Building,\n  ChevronDown,\n  Paperclip,\n  Folder,\n  Mail,\n  HelpCircle,\n  ArrowUpRight,\n  Layers,\n  CreditCard,\n  Navigation,\n  Search,\n  Check,\n  Plus,\n} from \"lucide-react\";\nimport { cn } from \"@/lib/utils\";\nimport {\n  Sidebar,\n  SidebarContent,\n  SidebarFooter,\n  SidebarHeader,\n} from \"@/components/ui/sidebar\";\nimport {\n  DropdownMenu,\n  DropdownMenuContent,\n  DropdownMenuItem,\n  DropdownMenuSeparator,\n  DropdownMenuTrigger,\n} from \"@/components/ui/dropdown-menu\";\nimport Image from \"next/image\";\nimport { Input } from \"@/components/ui/input\";\nimport { Button } from \"@/components/ui/button\";\nimport Link from \"next/link\";\nimport { Kbd } from \"@/components/ui/kbd\";\n\ninterface SidebarItemProps {\n  icon: React.ReactNode;\n  label: string;\n  badge?: string;\n  active?: boolean;\n}\n\nfunction SidebarItem({ icon, label, badge, active }: SidebarItemProps) {\n  return (\n    <Button\n      variant=\"ghost\"\n      className={cn(\n        \"w-full justify-between px-3 py-2 h-auto text-sm\",\n        active\n          ? \"bg-muted text-foreground font-medium\"\n          : \"text-muted-foreground hover:bg-muted/50 hover:text-foreground\"\n      )}\n    >\n      <div className=\"flex items-center gap-3\">\n        {icon}\n        <span>{label}</span>\n      </div>\n      {badge && (\n        <div className=\"bg-red-500 text-white text-xs rounded-full size-5 flex items-center justify-center\">\n          {badge}\n        </div>\n      )}\n    </Button>\n  );\n}\n\nfunction SidebarSection({\n  title,\n  children,\n}: {\n  title: string;\n  children: React.ReactNode;\n}) {\n  return (\n    <div className=\"mb-6\">\n      <Button\n        variant=\"ghost\"\n        className=\"gap-2 px-1 mb-2 text-xs h-auto py-0 text-muted-foreground hover:text-foreground\"\n      >\n        <span>{title}</span>\n        <ChevronDown className=\"size-3\" />\n      </Button>\n      <div className=\"space-y-0.5\">{children}</div>\n    </div>\n  );\n}\n\nexport function TaskSidebar({\n  ...props\n}: React.ComponentProps<typeof Sidebar>) {\n  return (\n    <Sidebar collapsible=\"offcanvas\" {...props}>\n      <SidebarHeader className=\"pb-0\">\n        <div className=\"px-4 pt-4 pb-0\">\n          <div className=\"flex items-center justify-between\">\n            <DropdownMenu>\n              <DropdownMenuTrigger asChild>\n                <Button\n                  variant=\"ghost\"\n                  className=\"flex items-center gap-3 h-auto p-0! hover:bg-transparent\"\n                >\n                  <div className=\"size-6 bg-linear-to-br from-purple-500 to-pink-600 rounded-sm shadow flex items-center justify-center text-white text-xs font-semibold\">\n                    SU\n                  </div>\n                  <span className=\"font-semibold\">Square UI</span>\n                  <ChevronDown className=\"size-3 text-muted-foreground\" />\n                </Button>\n              </DropdownMenuTrigger>\n              <DropdownMenuContent className=\"w-56\" align=\"start\">\n                <DropdownMenuItem>\n                  <div className=\"flex items-center gap-3 w-full\">\n                    <div className=\"size-6 bg-linear-to-br from-purple-500 to-pink-600 rounded-sm shadow flex items-center justify-center text-white text-xs font-semibold\">\n                      SU\n                    </div>\n                    <span className=\"font-semibold\">Square UI</span>\n                    <Check className=\"size-4 ml-auto\" />\n                  </div>\n                </DropdownMenuItem>\n                <DropdownMenuItem>\n                  <div className=\"flex items-center gap-3 w-full\">\n                    <div className=\"size-6 bg-linear-to-br from-blue-500 to-cyan-600 rounded-sm shadow flex items-center justify-center text-white text-xs font-semibold\">\n                      CI\n                    </div>\n                    <span>Circle</span>\n                  </div>\n                </DropdownMenuItem>\n                <DropdownMenuItem>\n                  <div className=\"flex items-center gap-3 w-full\">\n                    <div className=\"size-6 bg-linear-to-br from-orange-500 to-red-600 rounded-sm shadow flex items-center justify-center text-white text-xs font-semibold\">\n                      LN\n                    </div>\n                    <span>lndev-ui</span>\n                  </div>\n                </DropdownMenuItem>\n                <DropdownMenuSeparator />\n                <DropdownMenuItem>\n                  <Plus className=\"size-4\" />\n                  <span>Add new team</span>\n                </DropdownMenuItem>\n              </DropdownMenuContent>\n            </DropdownMenu>\n            <Image\n              src=\"/ln.png\"\n              alt=\"lndev.me\"\n              className=\"size-5 object-cover rounded-full\"\n              width={20}\n              height={20}\n            />\n          </div>\n\n          <div className=\"mt-4 relative\">\n            <Search className=\"absolute left-2.5 top-1/2 -translate-y-1/2 size-3.5 text-muted-foreground\" />\n            <Input\n              type=\"search\"\n              placeholder=\"Search anything\"\n              className=\"pl-8 pr-10 text-xs h-8 bg-background\"\n            />\n            <Kbd className=\"absolute right-2 top-1/2 -translate-y-1/2\">/</Kbd>\n          </div>\n        </div>\n      </SidebarHeader>\n\n      <SidebarContent className=\"p-4\">\n        <div className=\"space-y-0.5 mb-6\">\n          <SidebarItem\n            icon={<Bell className=\"size-4\" />}\n            label=\"Notifications\"\n            badge=\"12\"\n          />\n          <SidebarItem\n            icon={<LayoutGrid className=\"size-4\" />}\n            label=\"Dashboard\"\n          />\n          <SidebarItem\n            icon={<Circle className=\"size-4\" />}\n            label=\"Assigned to me\"\n          />\n          <SidebarItem icon={<Star className=\"size-4\" />} label=\"Task\" active />\n          <SidebarItem\n            icon={<FileCheck className=\"size-4\" />}\n            label=\"Projects\"\n          />\n          <SidebarItem icon={<FileText className=\"size-4\" />} label=\"Drafts\" />\n          <SidebarItem\n            icon={<Calendar className=\"size-4\" />}\n            label=\"Schedule\"\n          />\n          <SidebarItem icon={<Users className=\"size-4\" />} label=\"Customers\" />\n          <SidebarItem\n            icon={<Building className=\"size-4\" />}\n            label=\"Companies\"\n          />\n        </div>\n\n        <SidebarSection title=\"Workspace\">\n          <SidebarItem\n            icon={<Paperclip className=\"size-4\" />}\n            label=\"Attachment\"\n          />\n          <SidebarItem icon={<Folder className=\"size-4\" />} label=\"Documents\" />\n          <SidebarItem icon={<Mail className=\"size-4\" />} label=\"Emails\" />\n          <SidebarItem\n            icon={<FileCheck className=\"size-4\" />}\n            label=\"Projects\"\n          />\n        </SidebarSection>\n      </SidebarContent>\n\n      <SidebarFooter className=\"p-4 space-y-0.5\">\n        <Button\n          variant=\"outline\"\n          className=\"w-full justify-between px-3 py-2 h-auto text-sm shadow-none\"\n          asChild\n        >\n          <Link href=\"https://square.lndev.me\" target=\"_blank\">\n            <div className=\"flex items-center gap-3\">\n              <HelpCircle className=\"size-4\" />\n              <span>square.lndev.me</span>\n            </div>\n            <ArrowUpRight className=\"size-4\" />\n          </Link>\n        </Button>\n        <SidebarItem\n          icon={<Layers className=\"size-4\" />}\n          label=\"Sub accounts\"\n        />\n        <SidebarItem icon={<CreditCard className=\"size-4\" />} label=\"Billing\" />\n        <SidebarItem\n          icon={<Navigation className=\"size-4\" />}\n          label=\"Availability\"\n        />\n      </SidebarFooter>\n    </Sidebar>\n  );\n}\n"
    }
  ]
}
