{
  "$schema": "https://ui.shadcn.com/schema/registry-item.json",
  "name": "task-card",
  "type": "registry:component",
  "title": "Task Card",
  "description": "Individual task card component with priority, assignee, and labels.",
  "registryDependencies": [],
  "dependencies": [
    "@radix-ui/react-avatar",
    "lucide-react",
    "zustand"
  ],
  "files": [
    {
      "path": "https://raw.githubusercontent.com/ln-dev7/square-ui/master/templates/task-management/components/task/board/task-card.tsx",
      "type": "registry:component",
      "target": "components/task-card.tsx",
      "content": "\"use client\";\n\nimport { Task } from \"@/mock-data/tasks\";\nimport {\n  Calendar,\n  MessageSquare,\n  FileText,\n  Link,\n  CheckCircle,\n  InfoIcon,\n  Hexagon,\n  Stars,\n} from \"lucide-react\";\nimport { Avatar, AvatarFallback, AvatarImage } from \"@/components/ui/avatar\";\nimport { Badge } from \"@/components/ui/badge\";\nimport { cn } from \"@/lib/utils\";\nimport { CircularProgressbar, buildStyles } from \"react-circular-progressbar\";\nimport \"react-circular-progressbar/dist/styles.css\";\n\ninterface TaskCardProps {\n  task: Task;\n}\n\nexport function TaskCard({ task }: TaskCardProps) {\n  const StatusIcon = task.status.icon;\n  const hasProgress = task.progress.total > 0;\n  const isCompleted =\n    task.progress.completed === task.progress.total && hasProgress;\n\n  return (\n    <div className=\"bg-background shrink-0 rounded-lg overflow-hidden border border-border\">\n      <div className=\"px-3 py-2.5\">\n        <div className=\"flex items-center gap-2 mb-2\">\n          <div className=\"size-5 mt-0.5 shrink-0 flex items-center justify-center bg-muted rounded-sm p-1\">\n            <StatusIcon />\n          </div>\n          <h3 className=\"text-sm font-medium leading-tight flex-1\">\n            {task.title}\n          </h3>\n          {task.priority === \"urgent\" && !isCompleted && (\n            <Stars className=\"size-4 shrink-0 text-pink-500\" />\n          )}\n          {task.priority === \"high\" && !isCompleted && (\n            <InfoIcon className=\"size-4 shrink-0 text-red-500\" />\n          )}\n          {task.priority === \"medium\" && !isCompleted && (\n            <Hexagon className=\"size-4 shrink-0 text-cyan-500\" />\n          )}\n          {isCompleted && (\n            <CheckCircle className=\"size-4 shrink-0 text-green-500\" />\n          )}\n        </div>\n\n        <p className=\"text-xs text-muted-foreground mb-3 line-clamp-2\">\n          {task.description}\n        </p>\n\n        {task.labels.length > 0 && (\n          <div className=\"flex flex-wrap gap-1.5\">\n            {task.labels.map((label) => (\n              <Badge\n                key={label.id}\n                variant=\"secondary\"\n                className={cn(\n                  \"text-[10px] px-1.5 py-0.5 font-medium\",\n                  label.color\n                )}\n              >\n                {label.name}\n              </Badge>\n            ))}\n          </div>\n        )}\n      </div>\n\n      <div className=\"px-3 py-2.5 border-t border-border border-dashed\">\n        <div className=\"flex items-center justify-between flex-wrap gap-2\">\n          <div className=\"flex items-center gap-3 text-xs text-muted-foreground flex-wrap\">\n            {task.date && (\n              <div className=\"flex items-center gap-1.5 border border-border rounded-sm py-1 px-2\">\n                <Calendar className=\"size-3\" />\n                <span>{task.date}</span>\n              </div>\n            )}\n            {task.comments > 0 && (\n              <div className=\"flex items-center gap-1.5 border border-border rounded-sm py-1 px-2\">\n                <MessageSquare className=\"size-3\" />\n                <span>{task.comments}</span>\n              </div>\n            )}\n            {task.attachments > 0 && (\n              <div className=\"flex items-center gap-1.5 border border-border rounded-sm py-1 px-2\">\n                <FileText className=\"size-3\" />\n                <span>{task.attachments}</span>\n              </div>\n            )}\n            {task.links > 0 && (\n              <div className=\"flex items-center gap-1.5 border border-border rounded-sm py-1 px-2\">\n                <Link className=\"size-3\" />\n                <span>{task.links}</span>\n              </div>\n            )}\n            {hasProgress && (\n              <div className=\"flex items-center gap-1.5 border border-border rounded-sm py-1 px-2\">\n                {isCompleted ? (\n                  <CheckCircle className=\"size-3 text-green-500\" />\n                ) : (\n                  <div className=\"size-3\">\n                    <CircularProgressbar\n                      value={\n                        (task.progress.completed / task.progress.total) * 100\n                      }\n                      strokeWidth={12}\n                      styles={buildStyles({\n                        pathColor: \"#10b981\",\n                        trailColor: \"#EDEDED\",\n                        strokeLinecap: \"round\",\n                      })}\n                    />\n                  </div>\n                )}\n                <span>\n                  {task.progress.completed}/{task.progress.total}\n                </span>\n              </div>\n            )}\n          </div>\n\n          {task.assignees.length > 0 && (\n            <div className=\"flex -space-x-2\">\n              {task.assignees.map((user) => (\n                <Avatar\n                  key={user.id}\n                  className=\"size-5 border-2 border-background\"\n                >\n                  <AvatarImage src={user.avatar} alt={user.name} />\n                  <AvatarFallback className=\"text-[10px]\">\n                    {user.name\n                      .split(\" \")\n                      .map((n) => n[0])\n                      .join(\"\")}\n                  </AvatarFallback>\n                </Avatar>\n              ))}\n            </div>\n          )}\n        </div>\n      </div>\n    </div>\n  );\n}\n\n"
    }
  ]
}
