{
  "$schema": "https://ui.shadcn.com/schema/registry-item.json",
  "name": "task-column",
  "type": "registry:component",
  "title": "Task Column",
  "description": "Task column component for organizing tasks by status with progress indicators.",
  "registryDependencies": [],
  "dependencies": [
    "@radix-ui/react-dropdown-menu",
    "lucide-react",
    "react-circular-progressbar"
  ],
  "files": [
    {
      "path": "https://raw.githubusercontent.com/ln-dev7/square-ui/master/templates/task-management/components/task/board/task-column.tsx",
      "type": "registry:component",
      "target": "components/task-column.tsx",
      "content": "\"use client\";\n\nimport { Status } from \"@/mock-data/statuses\";\nimport { Task } from \"@/mock-data/tasks\";\nimport { TaskCard } from \"./task-card\";\nimport { Plus, MoreHorizontal } from \"lucide-react\";\nimport { Button } from \"@/components/ui/button\";\nimport { cn } from \"@/lib/utils\";\n\ninterface TaskColumnProps {\n  status: Status;\n  tasks: Task[];\n}\n\nexport function TaskColumn({ status, tasks }: TaskColumnProps) {\n  const StatusIcon = status.icon;\n\n  return (\n    <div className=\"shrink-0 w-[300px] lg:w-[360px] flex flex-col h-full flex-1\">\n      <div className=\"rounded-lg border border-border p-3 bg-muted/70 dark:bg-muted/50 flex flex-col max-h-full\">\n        <div className=\"flex items-center justify-between mb-2 rounded-lg\">\n          <div className=\"flex items-center gap-2\">\n            <div className=\"size-4 flex items-center justify-center\">\n              <StatusIcon />\n            </div>\n            <span className=\"text-sm font-medium\">{status.name}</span>\n          </div>\n          <div className=\"flex items-center gap-1\">\n            <Button variant=\"ghost\" size=\"icon\" className=\"h-6 w-6\">\n              <Plus className=\"size-4\" />\n            </Button>\n            <Button variant=\"ghost\" size=\"icon\" className=\"h-6 w-6\">\n              <MoreHorizontal className=\"size-4\" />\n            </Button>\n          </div>\n        </div>\n\n        <div className=\"flex flex-col gap-3 overflow-y-auto h-full\">\n          {tasks.map((task) => (\n            <TaskCard key={task.id} task={task} />\n          ))}\n\n          <Button\n            variant=\"ghost\"\n            size=\"sm\"\n            className=\"gap-2 text-xs h-auto py-1 px-0 self-start hover:bg-background\"\n          >\n            <Plus className=\"size-4\" />\n            <span>Add task</span>\n          </Button>\n        </div>\n      </div>\n    </div>\n  );\n}\n\n"
    }
  ]
}
