{
  "$schema": "https://ui.shadcn.com/schema/registry-item.json",
  "name": "task-header",
  "type": "registry:component",
  "title": "Task Header",
  "description": "Header component for the task management interface with filters, sort, and actions.",
  "registryDependencies": [],
  "dependencies": [
    "@radix-ui/react-avatar",
    "@radix-ui/react-separator",
    "lucide-react"
  ],
  "files": [
    {
      "path": "https://raw.githubusercontent.com/ln-dev7/square-ui/master/templates/task-management/components/task/header/task-header.tsx",
      "type": "registry:component",
      "target": "components/task-header.tsx",
      "content": "\"use client\";\n\nimport * as React from \"react\";\nimport {\n  Calendar as CalendarIcon,\n  Plus,\n  Link as LinkIcon,\n  Github,\n} from \"lucide-react\";\nimport { Button } from \"@/components/ui/button\";\nimport { Avatar, AvatarFallback, AvatarImage } from \"@/components/ui/avatar\";\nimport { SidebarTrigger } from \"@/components/ui/sidebar\";\nimport { ThemeToggle } from \"@/components/theme-toggle\";\nimport { Calendar } from \"@/components/ui/calendar\";\nimport {\n  Popover,\n  PopoverContent,\n  PopoverTrigger,\n} from \"@/components/ui/popover\";\nimport Link from \"next/link\";\nimport { TaskFilters } from \"./task-filters\";\nimport { TaskSort } from \"./task-sort\";\nimport { TaskAutomate } from \"./task-automate\";\nimport { TaskImportExport } from \"./task-import-export\";\n\nexport function TaskHeader() {\n  const [open, setOpen] = React.useState(false);\n  const [date, setDate] = React.useState<Date | undefined>(\n    new Date(\"2024-09-07\")\n  );\n  return (\n    <div className=\"border-b border-border bg-background\">\n      <div className=\"flex items-center justify-between px-3 lg:px-6 py-3\">\n        <div className=\"flex items-center gap-2\">\n          <SidebarTrigger />\n          <div className=\"flex items-center gap-2\">\n            <h1 className=\"text-base lg:text-lg font-semibold\">Task</h1>\n          </div>\n        </div>\n\n        <div className=\"flex items-center gap-2 lg:gap-4\">\n          <Button variant=\"outline\" className=\"shadow-none\" asChild>\n            <Link\n              href=\"https://github.com/ln-dev7/square-ui/tree/master/templates/task-management\"\n              target=\"_blank\"\n              rel=\"noopener noreferrer\"\n            >\n              <Github className=\"size-4\" />\n              GitHub\n            </Link>\n          </Button>\n          <ThemeToggle />\n          <div className=\"hidden lg:flex items-center gap-2 text-sm text-muted-foreground\">\n            <span>Last update 3 days ago</span>\n            <div className=\"flex -space-x-2 ml-2\">\n              <Avatar className=\"size-5 border-2 border-background\">\n                <AvatarImage src=\"https://api.dicebear.com/9.x/glass/svg?seed=AliceJohnson\" />\n                <AvatarFallback>A</AvatarFallback>\n              </Avatar>\n              <Avatar className=\"size-5 border-2 border-background\">\n                <AvatarImage src=\"https://api.dicebear.com/9.x/glass/svg?seed=BobSmith\" />\n                <AvatarFallback>B</AvatarFallback>\n              </Avatar>\n              <Avatar className=\"size-5 border-2 border-background\">\n                <AvatarImage src=\"https://api.dicebear.com/9.x/glass/svg?seed=CharlieBrown\" />\n                <AvatarFallback>C</AvatarFallback>\n              </Avatar>\n              <Avatar className=\"size-5 border-2 border-background\">\n                <AvatarImage src=\"https://api.dicebear.com/9.x/glass/svg?seed=DianaPrince\" />\n                <AvatarFallback>D</AvatarFallback>\n              </Avatar>\n            </div>\n          </div>\n          <Button\n            variant=\"secondary\"\n            size=\"sm\"\n            className=\"gap-2 hidden lg:flex\"\n          >\n            <LinkIcon className=\"size-4\" />\n            Share\n          </Button>\n        </div>\n      </div>\n\n      <div className=\"flex items-center justify-between px-3 lg:px-6 py-3 border-t border-border overflow-x-auto\">\n        <div className=\"flex items-center gap-2 shrink-0\">\n          <TaskFilters />\n          <TaskSort />\n          <TaskAutomate />\n        </div>\n\n        <div className=\"flex items-center gap-2 shrink-0\">\n          <Popover open={open} onOpenChange={setOpen}>\n            <PopoverTrigger asChild>\n              <Button\n                variant=\"outline\"\n                size=\"sm\"\n                className=\"gap-2 hidden lg:flex font-normal\"\n              >\n                <CalendarIcon className=\"size-4\" />\n                {date\n                  ? date.toLocaleDateString(\"en-US\", {\n                      month: \"short\",\n                      day: \"numeric\",\n                      year: \"numeric\",\n                    })\n                  : \"Select date\"}\n              </Button>\n            </PopoverTrigger>\n            <PopoverContent className=\"w-auto overflow-hidden p-0\" align=\"end\">\n              <Calendar\n                mode=\"single\"\n                selected={date}\n                captionLayout=\"dropdown\"\n                onSelect={(selectedDate: Date | undefined) => {\n                  setDate(selectedDate);\n                  setOpen(false);\n                }}\n              />\n            </PopoverContent>\n          </Popover>\n          <TaskImportExport />\n          <Button size=\"sm\" className=\"sm:gap-2 shrink-0\">\n            <Plus className=\"size-4\" />\n            <span className=\"hidden sm:inline\">Request task</span>\n          </Button>\n        </div>\n      </div>\n    </div>\n  );\n}\n\n"
    }
  ]
}
