{
  "$schema": "https://ui.shadcn.com/schema/registry-item.json",
  "name": "task-filters",
  "type": "registry:component",
  "title": "Task Filters",
  "description": "Filtering component for tasks with status, priority, assignee, and label filters.",
  "registryDependencies": [],
  "dependencies": [
    "@radix-ui/react-popover",
    "@radix-ui/react-separator",
    "lucide-react",
    "zustand"
  ],
  "files": [
    {
      "path": "https://raw.githubusercontent.com/ln-dev7/square-ui/master/templates/task-management/components/task/header/task-filters.tsx",
      "type": "registry:component",
      "target": "components/task-filters.tsx",
      "content": "\"use client\";\n\nimport * as React from \"react\";\nimport {\n  SlidersHorizontal,\n  Check,\n  Layers,\n  Stars,\n  InfoIcon,\n  Hexagon,\n  Minus,\n  Users,\n  User,\n  UserX,\n} from \"lucide-react\";\nimport { Button } from \"@/components/ui/button\";\nimport {\n  Popover,\n  PopoverContent,\n  PopoverTrigger,\n} from \"@/components/ui/popover\";\nimport { Separator } from \"@/components/ui/separator\";\n\nconst priorities = [\n  { id: \"all\", name: \"All priorities\", icon: Layers },\n  { id: \"urgent\", name: \"Urgent\", icon: Stars, color: \"text-pink-500\" },\n  { id: \"high\", name: \"High\", icon: InfoIcon, color: \"text-red-500\" },\n  { id: \"medium\", name: \"Medium\", icon: Hexagon, color: \"text-cyan-500\" },\n  { id: \"low\", name: \"Low\", icon: Minus, color: \"text-gray-400\" },\n];\n\nconst assignees = [\n  { id: \"all\", name: \"All assignees\", icon: Users },\n  { id: \"me\", name: \"Assigned to me\", icon: User },\n  { id: \"unassigned\", name: \"Unassigned\", icon: UserX },\n];\n\nexport function TaskFilters() {\n  const [open, setOpen] = React.useState(false);\n  const [selectedPriority, setSelectedPriority] = React.useState(\"all\");\n  const [selectedAssignee, setSelectedAssignee] = React.useState(\"all\");\n\n  return (\n    <Popover open={open} onOpenChange={setOpen}>\n      <PopoverTrigger asChild>\n        <Button variant=\"secondary\" size=\"sm\" className=\"sm:gap-2\">\n          <SlidersHorizontal className=\"size-4\" />\n          <span className=\"hidden sm:inline\">Filter</span>\n        </Button>\n      </PopoverTrigger>\n      <PopoverContent className=\"w-72 p-4\" align=\"start\">\n        <div className=\"space-y-4\">\n          <div>\n            <h4 className=\"text-sm font-semibold mb-3 flex items-center gap-2\">\n              <Layers className=\"size-4 text-muted-foreground\" />\n              Priority\n            </h4>\n            <div className=\"space-y-1\">\n              {priorities.map((priority) => {\n                const Icon = priority.icon;\n                return (\n                  <Button\n                    key={priority.id}\n                    variant=\"ghost\"\n                    size=\"sm\"\n                    className=\"w-full justify-between h-9 px-3\"\n                    onClick={() => setSelectedPriority(priority.id)}\n                  >\n                    <div className=\"flex items-center gap-2.5\">\n                      <Icon\n                        className={`size-4 ${priority.color || \"text-muted-foreground\"}`}\n                      />\n                      <span className=\"text-sm\">{priority.name}</span>\n                    </div>\n                    {selectedPriority === priority.id && (\n                      <Check className=\"size-4 text-primary\" />\n                    )}\n                  </Button>\n                );\n              })}\n            </div>\n          </div>\n\n          <Separator />\n\n          <div>\n            <h4 className=\"text-sm font-semibold mb-3 flex items-center gap-2\">\n              <Users className=\"size-4 text-muted-foreground\" />\n              Assignee\n            </h4>\n            <div className=\"space-y-1\">\n              {assignees.map((assignee) => {\n                const Icon = assignee.icon;\n                return (\n                  <Button\n                    key={assignee.id}\n                    variant=\"ghost\"\n                    size=\"sm\"\n                    className=\"w-full justify-between h-9 px-3\"\n                    onClick={() => setSelectedAssignee(assignee.id)}\n                  >\n                    <div className=\"flex items-center gap-2.5\">\n                      <Icon className=\"size-4 text-muted-foreground\" />\n                      <span className=\"text-sm\">{assignee.name}</span>\n                    </div>\n                    {selectedAssignee === assignee.id && (\n                      <Check className=\"size-4 text-primary\" />\n                    )}\n                  </Button>\n                );\n              })}\n            </div>\n          </div>\n\n          <Separator />\n\n          <Button\n            variant=\"outline\"\n            size=\"sm\"\n            className=\"w-full h-9\"\n            onClick={() => {\n              setSelectedPriority(\"all\");\n              setSelectedAssignee(\"all\");\n            }}\n          >\n            Clear all filters\n          </Button>\n        </div>\n      </PopoverContent>\n    </Popover>\n  );\n}\n\n"
    }
  ]
}
