{
  "$schema": "https://ui.shadcn.com/schema/registry-item.json",
  "name": "task-sort",
  "type": "registry:component",
  "title": "Task Sort",
  "description": "Sorting component for tasks with multiple sort options.",
  "registryDependencies": [],
  "dependencies": [
    "@radix-ui/react-dropdown-menu",
    "lucide-react",
    "zustand"
  ],
  "files": [
    {
      "path": "https://raw.githubusercontent.com/ln-dev7/square-ui/master/templates/task-management/components/task/header/task-sort.tsx",
      "type": "registry:component",
      "target": "components/task-sort.tsx",
      "content": "\"use client\";\n\nimport * as React from \"react\";\nimport {\n  ListFilter,\n  Check,\n  CircleDot,\n  Flag,\n  Calendar,\n  User,\n  ArrowDownAZ,\n} from \"lucide-react\";\nimport { Button } from \"@/components/ui/button\";\nimport {\n  DropdownMenu,\n  DropdownMenuContent,\n  DropdownMenuItem,\n  DropdownMenuLabel,\n  DropdownMenuSeparator,\n  DropdownMenuTrigger,\n} from \"@/components/ui/dropdown-menu\";\n\nconst sortOptions = [\n  { id: \"status\", name: \"Sort by status\", icon: CircleDot },\n  { id: \"priority\", name: \"Sort by priority\", icon: Flag },\n  { id: \"date\", name: \"Sort by date\", icon: Calendar },\n  { id: \"assignee\", name: \"Sort by assignee\", icon: User },\n  { id: \"alphabetical\", name: \"Sort alphabetically\", icon: ArrowDownAZ },\n];\n\nexport function TaskSort() {\n  const [selectedSort, setSelectedSort] = React.useState(\"status\");\n\n  return (\n    <DropdownMenu>\n      <DropdownMenuTrigger asChild>\n        <Button variant=\"secondary\" size=\"sm\" className=\"sm:gap-2\">\n          <ListFilter className=\"size-4\" />\n          <span className=\"hidden sm:inline\">Sort</span>\n        </Button>\n      </DropdownMenuTrigger>\n      <DropdownMenuContent align=\"start\" className=\"w-56\">\n        <DropdownMenuLabel className=\"flex items-center gap-2\">\n          <ListFilter className=\"size-4\" />\n          Sort options\n        </DropdownMenuLabel>\n        <DropdownMenuSeparator />\n        {sortOptions.map((option) => {\n          const Icon = option.icon;\n          return (\n            <DropdownMenuItem\n              key={option.id}\n              onClick={() => setSelectedSort(option.id)}\n              className=\"flex items-center justify-between gap-2\"\n            >\n              <div className=\"flex items-center gap-2.5\">\n                <Icon className=\"size-4 text-muted-foreground\" />\n                <span>{option.name}</span>\n              </div>\n              {selectedSort === option.id && (\n                <Check className=\"size-4 text-primary\" />\n              )}\n            </DropdownMenuItem>\n          );\n        })}\n      </DropdownMenuContent>\n    </DropdownMenu>\n  );\n}\n\n"
    }
  ]
}
